Country Name,Country Code,Indicator Name,Indicator Code,1960,1961,1962,1963,1964,1965,1966,1967,1968,1969,1970,1971,1972,1973,1974,1975,1976,1977,1978,1979,1980,1981,1982,1983,1984,1985,1986,1987,1988,1989,1990,1991,1992,1993,1994,1995,1996,1997,1998,1999,2000,2001,2002,2003,2004,2005,2006,2007,2008,2009,2010,2011,2012,2013,2014,2015,2016,2017,2018,2019,2020,Unnamed: 65
Aruba,ABW,"Literacy rate, adult total (% of people ages 15 and above)",SE.ADT.LITR.ZS,,,,,,,,,,,,,,,,,,,,,,,,,,,,,,,,,,,,,,,,,97.29125213623051,,,,,,,,,,96.82263946533199,,,,,,,,97.8074188232422,,,
Afghanistan,AFG,"Literacy rate, adult total (% of people ages 15 and above)",SE.ADT.LITR.ZS,,,,,,,,,,,,,,,,,,,,18.157680511474602,,,,,,,,,,,,,,,,,,,,,,,,,,,,,,,,31.4488506317139,,,,,,,43.019718170165994,,,
Angola,AGO,"Literacy rate, adult total (% of people ages 15 and above)",SE.ADT.LITR.ZS,,,,,,,,,,,,,,,,,,,,,,,,,,,,,,,,,,,,,,,,,,67.40541839599611,,,,,,,,,,,,,66.0301132202148,,,,,,,
Albania,ALB,"Literacy rate, adult total (% of people ages 15 and above)",SE.ADT.LITR.ZS,,,,,,,,,,,,,,,,,,,,,,,,,,,,,,,,,,,,,,,,,,98.71298217773442,,,,,,,95.9386367797852,,,96.8452987670898,97.2469711303711,,,,,,98.1411514282227,,,
Andorra,AND,"Literacy rate, adult total (% of people ages 15 and above)",SE.ADT.LITR.ZS,,,,,,,,,,,,,,,,,,,,,,,,,,,,,,,,,,,,,,,,,,,,,,,,,,,,,,,,,,,,,,
Arab World,ARB,"Literacy rate, adult total (% of people ages 15 and above)",SE.ADT.LITR.ZS,,,,,,,,,,,,,,,,,,44.9029693603516,45.2682418823242,45.6868782043457,46.202018737793,46.7689895629883,47.415130615234396,47.626781463623,48.4725685119629,49.3279418945313,50.302860260009794,50.890209197998,51.8793411254883,52.7835502624512,53.7540893554688,54.8583908081055,55.7960891723633,56.5177993774414,57.3520698547363,58.339420318603494,59.8085708618164,60.5445404052734,61.7237205505371,62.756031036377,63.6845283508301,64.87777709960939,66.0455703735352,68.6877365112305,69.63665771484379,69.2183990478516,68.1370086669922,68.6227188110352,69.6215133666992,68.3074493408203,69.24862670898439,71.06060791015629,74.4356918334961,74.0435791015625,75.7138900756836,73.4993896484375,74.8407974243164,75.7668228149414,72.8690872192383,73.1142501831055,,
United Arab Emirates,ARE,"Literacy rate, adult total (% of people ages 15 and above)",SE.ADT.LITR.ZS,,,,,,,,,,,,,,,,53.5148811340332,,,,,,,,,,71.2352981567383,,,,,,,,,,,,,,,,,,,,90.0338516235352,,,,,,,,,,93.22714233398442,,,,,,
Argentina,ARG,"Literacy rate, adult total (% of people ages 15 and above)",SE.ADT.LITR.ZS,,,,,,,,,,,,,,,,,,,,,93.9128570556641,,,,,,,,,,,96.0407180786133,,,,,,,,,,97.1933135986328,,,,,98.6108016967773,,,98.9834213256836,98.9549713134766,99.1083297729492,99.10523223876949,99.1219482421875,98.99388885498051,99.17996215820308,99.12500762939449,,99.0038681030273,,,
Armenia,ARM,"Literacy rate, adult total (% of people ages 15 and above)",SE.ADT.LITR.ZS,,,,,,,,,,,,,,,,,,,,,,,,,,,,,,98.75196075439449,,,,,,,,,,,,99.4001617431641,,,,,,,,,,99.7444076538086,,,,,,99.7360687255859,,,,
American Samoa,ASM,"Literacy rate, adult total (% of people ages 15 and above)",SE.ADT.LITR.ZS,,,,,,,,,,,,,,,,,,,,,97.3441619873047,,,,,,,,,,,,,,,,,,,,,,,,,,,,,,,,,,,,,,,,,
Antigua and Barbuda,ATG,"Literacy rate, adult total (% of people ages 15 and above)",SE.ADT.LITR.ZS,,,,,,,,,,,,,,,,,,,,,,,,,,,,,,,,,,,,,,,,,,98.9499969482422,,,,,,,,,,98.9499969482422,,,,98.9499969482422,,,,,,
Australia,AUS,"Literacy rate, adult total (% of people ages 15 and above)",SE.ADT.LITR.ZS,,,,,,,,,,,,,,,,,,,,,,,,,,,,,,,,,,,,,,,,,,,,,,,,,,,,,,,,,,,,,,
Austria,AUT,"Literacy rate, adult total (% of people ages 15 and above)",SE.ADT.LITR.ZS,,,,,,,,,,,,,,,,,,,,,,,,,,,,,,,,,,,,,,,,,,,,,,,,,,,,,,,,,,,,,,
Azerbaijan,AZE,"Literacy rate, adult total (% of people ages 15 and above)",SE.ADT.LITR.ZS,,,,,,,,,,,,,,,,,,,,,,,,,,,,,,,,,,,,,,,,98.7918014526367,,,,,,,,99.5931930541992,,99.7598419189453,99.7711410522461,99.7786331176758,99.7757720947266,99.7893600463867,99.7889862060547,99.7880630493164,99.7900619506836,99.79122924804692,,,,
Burundi,BDI,"Literacy rate, adult total (% of people ages 15 and above)",SE.ADT.LITR.ZS,,,,,,,,,,,,,,,,,,,,22.5085506439209,,,,,,,,,,,37.3847198486328,,,,,,,,,,59.303619384765604,,,,,,,,48.08406066894529,,,,,,61.5134887695313,,,68.3753280639648,,,,
Belgium,BEL,"Literacy rate, adult total (% of people ages 15 and above)",SE.ADT.LITR.ZS,,,,,,,,,,,,,,,,,,,,,,,,,,,,,,,,,,,,,,,,,,,,,,,,,,,,,,,,,,,,,,
Benin,BEN,"Literacy rate, adult total (% of people ages 15 and above)",SE.ADT.LITR.ZS,,,,,,,,,,,,,,,,,,,,16.482730865478498,,,,,,,,,,,,,27.2451705932617,,,,,,,,,,34.657848358154304,,,,28.7021102905273,,,,,,32.9488182067871,,,,,,42.362400054931605,,,
Burkina Faso,BFA,"Literacy rate, adult total (% of people ages 15 and above)",SE.ADT.LITR.ZS,,,,,,,,,,,,,,,,8.83022975921631,,,,,,,,,,,,,,,,13.5692300796509,,,,,12.8481702804565,,,,,,,21.8229198455811,,23.5221996307373,22.472579956054698,28.293659210205103,,,,,,,34.5993995666504,,,,41.224449157714794,,,
Bangladesh,BGD,"Literacy rate, adult total (% of people ages 15 and above)",SE.ADT.LITR.ZS,,,,,,,,,,,,,,,,,,,,,,29.2272300720215,,,,,,,,,,35.3193016052246,,,,,,,,,,47.485500335693395,,,,,,46.663600921630895,,,,58.7691802978516,57.860748291015604,61.015541076660206,61.093299865722706,65.1373291015625,72.7587203979492,72.8929672241211,73.9122009277344,74.68446350097659,,
Bulgaria,BGR,"Literacy rate, adult total (% of people ages 15 and above)",SE.ADT.LITR.ZS,,,,,,,,,,,,,,,,,,,,,,,,,,,,,,,,,,,,,,,,,,98.2035598754883,,,,,,,,,,98.35244750976558,,,,,,,,,,
Bahrain,BHR,"Literacy rate, adult total (% of people ages 15 and above)",SE.ADT.LITR.ZS,,,,,,,,,,,,,,,,,,,,,,69.75350952148439,,,,,,,,,,84.0138320922852,,,,,,,,,,86.54873657226558,,,,,,,,,90.9774017333984,,,,,,97.06668090820308,97.4038925170898,97.4641876220703,,,
"Bahamas, The",BHS,"Literacy rate, adult total (% of people ages 15 and above)",SE.ADT.LITR.ZS,,,,,,,,,,,,,,,,,,,,,,,,,,,,,,,,,,,,,,,,,,,,,,,,,,,,,,,,,,,,,,
Bosnia and Herzegovina,BIH,"Literacy rate, adult total (% of people ages 15 and above)",SE.ADT.LITR.ZS,,,,,,,,,,,,,,,,,,,,,,,,,,,,,,,,89.06359100341801,,,,,,,,,96.6631011962891,,,,,,,,,,,98.1420364379883,,96.9917678833008,,,,,,,,
Belarus,BLR,"Literacy rate, adult total (% of people ages 15 and above)",SE.ADT.LITR.ZS,,,,,,,,,,,,,,,,,,,,,,,,,,,,,,97.8833694458008,,,,,,,,,,99.59072875976558,,,,,,,,,,99.61705780029301,,,,,,,,,99.75656127929692,,,
Belize,BLZ,"Literacy rate, adult total (% of people ages 15 and above)",SE.ADT.LITR.ZS,,,,,,,,,,,,,,,,,,,,,,,,,,,,,,,,70.2984237670898,,,,,,,,,76.9029769897461,,,,,,,,,,,,,,,,,,,,,
Bermuda,BMU,"Literacy rate, adult total (% of people ages 15 and above)",SE.ADT.LITR.ZS,,,,,,,,,,,,,,,,,,,,,,,,,,,,,,,,,,,,,,,,,,,,,,,,,,,,,,,,,,,,,,
Bolivia,BOL,"Literacy rate, adult total (% of people ages 15 and above)",SE.ADT.LITR.ZS,,,,,,,,,,,,,,,,,63.2081489562988,,,,,,,,,,,,,,,,79.9917678833008,,,,,,,,,86.7236709594727,,,,,,90.74346923828129,90.69811248779301,91.1678314208984,,92.2261505126953,94.4605712890625,,,92.455078125,,,,,,
Brazil,BRA,"Literacy rate, adult total (% of people ages 15 and above)",SE.ADT.LITR.ZS,,,,,,,,,,,,,,,,,,,,,74.58673095703129,,,,,,,,,,,,,,,,,,,,86.3678817749023,,,,88.61624145507808,,89.61522674560551,90.00936889648442,90.03662109375,90.29821014404301,90.37918090820308,91.4112396240234,91.3378524780273,91.4842376708984,91.72943115234379,92.0478973388672,92.80844116210942,93.0758209228516,93.2275009155273,,,
Barbados,BRB,"Literacy rate, adult total (% of people ages 15 and above)",SE.ADT.LITR.ZS,,,,,,,,,,,99.2680816650391,,,,,,,,,,,,,,99.5999984741211,,,,,,,,,,99.5999984741211,,,,,,,,,,99.5999984741211,,,,,,,,,,99.5999984741211,,,,,,,
Brunei Darussalam,BRN,"Literacy rate, adult total (% of people ages 15 and above)",SE.ADT.LITR.ZS,,,,,,,,,,,,,,,,,,,,,,77.7354965209961,,,,,,,,,,87.8041763305664,,,,,,,,,,92.6711273193359,,,,,,,,,,96.08556365966801,,,,,,,97.214111328125,,,
Bhutan,BTN,"Literacy rate, adult total (% of people ages 15 and above)",SE.ADT.LITR.ZS,,,,,,,,,,,,,,,,,,,,,,,,,,,,,,,,,,,,,,,,,,,,,,52.8146896362305,,,,,,,55.3175582885742,,,,,66.561149597168,,,,
Botswana,BWA,"Literacy rate, adult total (% of people ages 15 and above)",SE.ADT.LITR.ZS,,,,,,,,,,,,,,,,,,,,,,,,,,,,,,,,68.58090972900389,,,,,,,,,,,,81.1887130737305,,,,,,,,,,86.82318115234379,,,,,,,,
Central African Republic,CAF,"Literacy rate, adult total (% of people ages 15 and above)",SE.ADT.LITR.ZS,,,,,,,,,,,,,,,,18.2361698150635,,,,,,,,,,,,,33.624420166015604,,,,,,,,,,,,50.645168304443395,,,,,,,,,,36.7526092529297,,,,,,,,37.395820617675795,,,
Canada,CAN,"Literacy rate, adult total (% of people ages 15 and above)",SE.ADT.LITR.ZS,,,,,,,,,,,,,,,,,,,,,,,,,,,,,,,,,,,,,,,,,,,,,,,,,,,,,,,,,,,,,,
Central Europe and the Baltics,CEB,"Literacy rate, adult total (% of people ages 15 and above)",SE.ADT.LITR.ZS,,,,,,,,,,,,,,,,,,,,,,,98.0038833618164,98.0235137939453,98.05581665039058,98.0839309692383,98.10594940185551,98.13894653320308,98.0351104736328,98.0912017822266,98.1503524780273,98.1967086791992,98.2469482421875,98.28845977783199,98.33419799804692,98.37982177734379,98.4195098876953,98.45867919921879,98.5430068969727,98.4732284545898,98.50885009765629,98.5358123779297,98.5658416748047,98.5824432373047,98.60523223876949,98.6279678344727,98.63562774658199,98.65406036376949,98.6918487548828,98.8988265991211,98.9172210693359,98.9342498779297,98.9453887939453,98.95433807373051,98.9662933349609,98.9777297973633,98.99102783203129,,,,,
Switzerland,CHE,"Literacy rate, adult total (% of people ages 15 and above)",SE.ADT.LITR.ZS,,,,,,,,,,,,,,,,,,,,,,,,,,,,,,,,,,,,,,,,,,,,,,,,,,,,,,,,,,,,,,
Channel Islands,CHI,"Literacy rate, adult total (% of people ages 15 and above)",SE.ADT.LITR.ZS,,,,,,,,,,,,,,,,,,,,,,,,,,,,,,,,,,,,,,,,,,,,,,,,,,,,,,,,,,,,,,
Chile,CHL,"Literacy rate, adult total (% of people ages 15 and above)",SE.ADT.LITR.ZS,,,,,,,,,,,,,,,,,,,,,,,91.1284027099609,,,,,,,,,,94.2911376953125,,,,,,,,,,95.7166213989258,,,,,,97.7224502563477,97.6642303466797,96.818603515625,96.70301055908199,,96.26705932617192,,96.8741302490234,,96.40228271484379,,,,
China,CHN,"Literacy rate, adult total (% of people ages 15 and above)",SE.ADT.LITR.ZS,,,,,,,,,,,,,,,,,,,,,,,65.5050888061523,,,,,,,,77.7850570678711,,,,,,,,,,90.9202117919922,,,,,,,,,,95.12448120117192,,,,,,,,96.8408889770508,,,
Cote d'Ivoire,CIV,"Literacy rate, adult total (% of people ages 15 and above)",SE.ADT.LITR.ZS,,,,,,,,,,,,,,,,,,,,,,,,,,,,,34.1392784118652,,,,,,,,,,36.35023880004879,,48.740760803222706,,,,,,,,,,,,40.9816284179688,,43.908420562744105,,,,47.1653518676758,,,
Cameroon,CMR,"Literacy rate, adult total (% of people ages 15 and above)",SE.ADT.LITR.ZS,,,,,,,,,,,,,,,,,41.2162094116211,,,,,,,,,,,,,,,,,,,,,,,,68.40915679931639,,,,,,,70.6799392700195,,,71.29051208496091,,,,,,,,77.0710372924805,,,
"Congo, Dem. Rep.",COD,"Literacy rate, adult total (% of people ages 15 and above)",SE.ADT.LITR.ZS,,,,,,,,,,,,,,,,,,,,,,,,,,,,,,,,,,,,,,,,,,67.1729888916016,,,,,,61.2055511474609,,,,,75.0171890258789,,,,77.0426788330078,,,,,
"Congo, Rep.",COG,"Literacy rate, adult total (% of people ages 15 and above)",SE.ADT.LITR.ZS,,,,,,,,,,,,,,,,,,,,,,,,,59.6191215515137,,,,,,,,,,,,,,,,,,,,,76.1147918701172,,,,,,79.31117248535159,,,,,,,80.2987594604492,,,
Colombia,COL,"Literacy rate, adult total (% of people ages 15 and above)",SE.ADT.LITR.ZS,,,,,,,,,,,,,,,,,,,,,,,,,,,,,,,,,,91.0630874633789,,,91.20716094970699,,,,,,,,92.8037796020508,92.84866333007808,92.2996826171875,92.6517868041992,93.37818145751949,93.24468994140629,93.3723297119141,93.5805282592773,,,94.18624877929692,94.2450485229492,94.6538467407227,,95.0925064086914,,,
Comoros,COM,"Literacy rate, adult total (% of people ages 15 and above)",SE.ADT.LITR.ZS,,,,,,,,,,,,,,,,,,,,,47.9192314147949,,,,,,,,,,,,,,,,,,,,68.48922729492189,,,,,,,,,,,,49.196140289306605,,,,,,58.817020416259794,,,
Cabo Verde,CPV,"Literacy rate, adult total (% of people ages 15 and above)",SE.ADT.LITR.ZS,,,,,,,,,,,,,,,,,,,,,,,,,,,,,,,62.7968597412109,,,,,,,,,,76.1104431152344,,,,,,,,,,,,85.3277893066406,,,86.79029083251949,,,,,,
Costa Rica,CRI,"Literacy rate, adult total (% of people ages 15 and above)",SE.ADT.LITR.ZS,,,,,,,,,,,,,,,,,,,,,,,,,92.6290435791016,,,,,,,,,,,,,,,,94.8681869506836,,,,,,,,,,,97.4065780639648,,,,,,,97.8637924194336,,,
Caribbean small states,CSS,"Literacy rate, adult total (% of people ages 15 and above)",SE.ADT.LITR.ZS,,,,,,,,,,,,,,,,,,,,,,,,,,,,,,,,,,86.2455825805664,86.2917633056641,86.55709838867192,86.8033981323242,87.0503082275391,87.4176406860352,87.0992813110352,87.9216079711914,88.2242889404297,88.51087188720699,88.7854690551758,89.0601577758789,89.3650894165039,89.5564117431641,90.1571273803711,90.4194717407227,90.6442718505859,90.88845825195308,91.0886917114258,91.10729217529301,91.17652130126949,91.34947967529301,91.4435577392578,,,,,,
Cuba,CUB,"Literacy rate, adult total (% of people ages 15 and above)",SE.ADT.LITR.ZS,,,,,,,,,,,,,,,,,,,,,,97.84664916992192,,,,,,,,,,,,,,,,,,,,,99.799072265625,,,,,,,,,,99.75253295898442,,,,,,,,,
Curacao,CUW,"Literacy rate, adult total (% of people ages 15 and above)",SE.ADT.LITR.ZS,,,,,,,,,,,,,,,,,,,,,,,,,,,,,,,,,,,,,,,,,,,,,,,,,,,,,,,,,,,,,,
Cayman Islands,CYM,"Literacy rate, adult total (% of people ages 15 and above)",SE.ADT.LITR.ZS,,,,,,,,,,,,,,,,,,,,,,,,,,,,,,,,,,,,,,,,,,,,,,,,98.8678207397461,,,,,,,,,,,,,,
Cyprus,CYP,"Literacy rate, adult total (% of people ages 15 and above)",SE.ADT.LITR.ZS,,,,,,,,,,,,,,,,,,,,,,,,,,,,,,,,,94.3624725341797,,,,,,,,,96.8036270141602,,,,,,,,,,98.6784286499023,,,,,,,,,,
Czech Republic,CZE,"Literacy rate, adult total (% of people ages 15 and above)",SE.ADT.LITR.ZS,,,,,,,,,,,,,,,,,,,,,,,,,,,,,,,,,,,,,,,,,,,,,,,,,,,,,,,,,99.8330307006836,,,,,
Germany,DEU,"Literacy rate, adult total (% of people ages 15 and above)",SE.ADT.LITR.ZS,,,,,,,,,,,,,,,,,,,,,,,,,,,,,,,,,,,,,,,,,,,,,,,,,,,,,,,,,,,,,,
Djibouti,DJI,"Literacy rate, adult total (% of people ages 15 and above)",SE.ADT.LITR.ZS,,,,,,,,,,,,,,,,,,,,,,,,,,,,,,,,,,,,,,,,,,,,,,,,,,,,,,,,,,,,,,
Dominica,DMA,"Literacy rate, adult total (% of people ages 15 and above)",SE.ADT.LITR.ZS,,,,,,,,,,,,,,,,,,,,,,,,,,,,,,,,,,,,,,,,,,,,,,,,,,,,,,,,,,,,,,
Denmark,DNK,"Literacy rate, adult total (% of people ages 15 and above)",SE.ADT.LITR.ZS,,,,,,,,,,,,,,,,,,,,,,,,,,,,,,,,,,,,,,,,,,,,,,,,,,,,,,,,,,,,,,
Dominican Republic,DOM,"Literacy rate, adult total (% of people ages 15 and above)",SE.ADT.LITR.ZS,,,,,,,,,,,,,,,,,,,,,,73.064567565918,,,,,,,,,,,,,,,,,,,,,86.99646759033199,,,,,88.2444610595703,,,89.53872680664058,90.1063766479492,90.15518188476558,90.85814666748051,91.76376342773442,91.9912109375,93.7784576416016,,,,,
Algeria,DZA,"Literacy rate, adult total (% of people ages 15 and above)",SE.ADT.LITR.ZS,,,,,,,,,,,,,,,,,,,,,,,,,,,,49.6308784484863,,,,,,,,,,,,,,,69.8734970092773,,,,72.648681640625,,75.13604736328129,,,,,,,,,,81.4078369140625,,,
East Asia & Pacific (excluding high income),EAP,"Literacy rate, adult total (% of people ages 15 and above)",SE.ADT.LITR.ZS,,,,,,,,,,,,,,,,,63.8146781921387,63.9865798950195,65.108268737793,66.22222900390629,66.79412841796879,68.4850692749023,69.34573364257811,70.6539306640625,71.7045593261719,72.7099304199219,73.6005020141602,74.84361267089841,79.2053909301758,79.9052734375,79.787483215332,81.12925720214841,81.6948928833008,82.2153396606445,82.8106994628906,83.3998107910156,83.91929626464841,89.5547866821289,89.92095947265629,90.2490921020508,90.5564727783203,91.0065536499023,91.3846969604492,91.75576782226558,92.0928192138672,92.4608993530273,92.8839874267578,93.9614715576172,94.19860076904301,94.51882934570308,94.6077423095703,94.4559097290039,94.6779403686523,94.77902221679692,95.19567108154301,95.4092330932617,95.53955078125,95.7292861938477,95.87911987304692,96.0267868041992,,
Early-demographic dividend,EAR,"Literacy rate, adult total (% of people ages 15 and above)",SE.ADT.LITR.ZS,,,,,,,,,,,,,,,,48.847339630127,49.0845603942871,49.7215805053711,50.353511810302706,50.9587211608887,51.046058654785206,51.826778411865206,52.7948989868164,53.4155502319336,54.2119216918945,54.86669921875,55.49726867675779,56.385318756103494,57.123291015625,57.804351806640604,58.65625,59.1379508972168,60.162960052490206,60.948978424072294,61.7447509765625,62.5383186340332,63.2736015319824,63.934009552002,66.9609222412109,67.573600769043,68.25022125244139,68.67855834960939,69.372428894043,70.4044418334961,71.1938934326172,70.9864807128906,71.2460174560547,72.05181884765629,73.2806701660156,74.142578125,75.2829208374023,75.2880020141602,75.919319152832,76.4218978881836,77.2373733520508,77.9557800292969,78.5781021118164,79.0169982910156,79.354133605957,79.8409881591797,,
East Asia & Pacific,EAS,"Literacy rate, adult total (% of people ages 15 and above)",SE.ADT.LITR.ZS,,,,,,,,,,,,,,,,,65.94049072265629,66.1317901611328,67.14675140380861,68.1490325927734,68.64389038085939,70.2154922485352,70.9532089233398,72.1205825805664,73.063362121582,73.9693374633789,74.7678680419922,75.9420471191406,79.8541030883789,80.5023574829102,80.4124374389648,81.6342468261719,82.1619567871094,82.6443099975586,83.2157363891602,83.7791519165039,84.2719268798828,89.32095336914058,89.67198944091801,90.0217437744141,90.31385040283199,90.7394790649414,91.1237335205078,91.5148696899414,91.86685180664058,92.24868774414058,92.67111206054692,93.66002655029301,93.92568969726558,94.2469100952148,94.2679901123047,94.0752410888672,94.31336212158199,94.4203720092773,94.91773223876949,95.1382675170898,95.27538299560551,95.47142791748051,95.6253204345703,95.7740097045898,,
Europe & Central Asia (excluding high income),ECA,"Literacy rate, adult total (% of people ages 15 and above)",SE.ADT.LITR.ZS,,,,,,,,,,,,,,,,,,,,,,,,93.9975814819336,94.70398712158199,94.91088104248051,94.96160888671879,95.0981216430664,95.2373809814453,95.31289672851558,95.5121078491211,95.5431900024414,95.6625518798828,95.7830581665039,95.901123046875,96.0218887329102,96.2056427001953,96.3177871704102,96.6522903442383,96.74859619140629,96.8666534423828,96.9455032348633,97.0317764282227,97.1056594848633,97.2827682495117,97.4964218139648,97.45501708984379,97.5509490966797,97.5549774169922,98.0633697509766,98.3786773681641,98.6346893310547,98.76821899414058,98.8167190551758,98.8498077392578,98.8784637451172,98.9988784790039,98.9724578857422,99.0077362060547,99.04348754882808,,
Europe & Central Asia,ECS,"Literacy rate, adult total (% of people ages 15 and above)",SE.ADT.LITR.ZS,,,,,,,,,,,,,,,,,,,,,,,,,,,,,,,,,,,95.67233276367192,95.81139373779301,95.9729385375977,96.09912872314449,96.24655151367192,96.3609390258789,96.4207611083984,96.51696014404301,96.6961212158203,96.7901992797852,96.9191436767578,96.92446899414058,97.07691192626949,97.0874710083008,97.2470703125,97.4175262451172,97.5809478759766,97.8936767578125,97.9982223510742,98.0686416625977,98.1163482666016,98.1648712158203,98.25479125976558,98.2719192504883,98.3335189819336,98.37896728515629,,
Ecuador,ECU,"Literacy rate, adult total (% of people ages 15 and above)",SE.ADT.LITR.ZS,,,,,,,,,,,,,,,,,,,,,,,83.5526885986328,,,,,,,,88.2987594604492,,,,,,,,,,,90.9840316772461,,,,,,92.0967864990234,92.3900527954102,92.24976348876949,91.8540420532227,91.5868988037109,92.06472778320308,93.2946319580078,94.2226409912109,94.45565795898442,94.35022735595699,92.8297882080078,,,,
"Egypt, Arab Rep.",EGY,"Literacy rate, adult total (% of people ages 15 and above)",SE.ADT.LITR.ZS,,,,,,,,,,,,,,,,,38.19675827026371,,,,,,,,,,44.423988342285206,,,,,,,,,,55.5870018005371,,,,,,,,,67.3318710327148,66.3699111938477,,,,72.0478515625,,73.865592956543,72.442497253418,,,,71.1682510375977,,,,
Euro area,EMU,"Literacy rate, adult total (% of people ages 15 and above)",SE.ADT.LITR.ZS,,,,,,,,,,,,,,,,,,,,,,,,,,,,,,,,,,,,,,,,,,,,,,,,,,,,,,,,,,,,,,
Eritrea,ERI,"Literacy rate, adult total (% of people ages 15 and above)",SE.ADT.LITR.ZS,,,,,,,,,,,,,,,,,,,,,,,,,,,,,,,,,,,,,,,,,,,52.5139503479004,,,,,,64.662971496582,,,,,,,,,,76.5705184936523,,,
Spain,ESP,"Literacy rate, adult total (% of people ages 15 and above)",SE.ADT.LITR.ZS,,,,,,,,,,,,,,,,,,,,,,92.8097686767578,,,,,,,,,,96.4949722290039,,,,,,,,,,,,,97.1651229858398,97.7506866455078,97.75213623046879,97.9388427734375,97.63060760498051,97.6792678833008,97.7489013671875,97.78375244140629,97.89453887939449,98.07913208007808,98.09371948242192,98.1432571411133,98.2505111694336,,98.4365005493164,,,
Estonia,EST,"Literacy rate, adult total (% of people ages 15 and above)",SE.ADT.LITR.ZS,,,,,,,,,,,,,,,,,,,,,,,,,,,,,,99.7264404296875,,,,,,,,,,,99.7671966552734,,,,,,,,,,,99.8857879638672,,,,,,,,,,
Ethiopia,ETH,"Literacy rate, adult total (% of people ages 15 and above)",SE.ADT.LITR.ZS,,,,,,,,,,,,,,,,,,,,,,,,,,,,,,,,,,,27.0113506317139,,,,,,,,,,35.9000015258789,29.8203392028809,,38.995979309081996,,,,,,,,,,51.7711791992188,,,,
European Union,EUU,"Literacy rate, adult total (% of people ages 15 and above)",SE.ADT.LITR.ZS,,,,,,,,,,,,,,,,,,,,,,,,,,,,,,,,,,,,,,,,,,,,,,,,,,,,,,,,,,,,,,
Fragile and conflict affected situations,FCS,"Literacy rate, adult total (% of people ages 15 and above)",SE.ADT.LITR.ZS,,,,,,,,,,,,,,,,,,,,,,,,52.846530914306605,53.2910003662109,53.7572898864746,54.1397285461426,54.87577819824221,55.5906295776367,56.086700439453104,56.676578521728494,57.373008728027294,57.823001861572294,58.289459228515604,59.2206916809082,60.0962600708008,60.725311279296896,61.5853996276855,62.4585113525391,63.1266212463379,60.7493286132813,61.5615386962891,62.02091979980471,61.9864082336426,63.128421783447294,63.3391990661621,64.6233673095703,60.513278961181605,60.5336494445801,60.022491455078104,60.287288665771506,60.1002807617188,62.011569976806605,62.438228607177706,63.4073600769043,62.1488914489746,64.27200317382811,65.0060195922852,63.4959907531738,63.7493705749512,,
Finland,FIN,"Literacy rate, adult total (% of people ages 15 and above)",SE.ADT.LITR.ZS,,,,,,,,,,,,,,,,,,,,,,,,,,,,,,,,,,,,,,,,,,,,,,,,,,,,,,,,,,,,,,
Fiji,FJI,"Literacy rate, adult total (% of people ages 15 and above)",SE.ADT.LITR.ZS,,,,,,,,,,,,,,,,,,,,,,,,,,,,,,,,,,,,,92.9428863525391,,,,,,,,,,,,,,,,,,,,,99.0821075439453,,,,
France,FRA,"Literacy rate, adult total (% of people ages 15 and above)",SE.ADT.LITR.ZS,,,,,,,,,,,,,,,,,,,,,,,,,,,,,,,,,,,,,,,,,,,,,,,,,,,,,,,,,,,,,,
Faroe Islands,FRO,"Literacy rate, adult total (% of people ages 15 and above)",SE.ADT.LITR.ZS,,,,,,,,,,,,,,,,,,,,,,,,,,,,,,,,,,,,,,,,,,,,,,,,,,,,,,,,,,,,,,
"Micronesia, Fed. Sts.",FSM,"Literacy rate, adult total (% of people ages 15 and above)",SE.ADT.LITR.ZS,,,,,,,,,,,,,,,,,,,,,,,,,,,,,,,,,,,,,,,,,,,,,,,,,,,,,,,,,,,,,,
Gabon,GAB,"Literacy rate, adult total (% of people ages 15 and above)",SE.ADT.LITR.ZS,,,,,,,,,,,,,,,,,,,,,,,,,,,,,,,,,,72.2336730957031,,,,,,,,,,,,,,,,,,,82.28379821777341,,,,,,84.6671600341797,,,
United Kingdom,GBR,"Literacy rate, adult total (% of people ages 15 and above)",SE.ADT.LITR.ZS,,,,,,,,,,,,,,,,,,,,,,,,,,,,,,,,,,,,,,,,,,,,,,,,,,,,,,,,,,,,,,
Georgia,GEO,"Literacy rate, adult total (% of people ages 15 and above)",SE.ADT.LITR.ZS,,,,,,,,,,,,,,,,,,,,,,,,,,,,,,,,,,,,,,,,,,,99.65235137939449,,,,,,,,,,,,99.58618927001949,,,99.3642578125,,,,
Ghana,GHA,"Literacy rate, adult total (% of people ages 15 and above)",SE.ADT.LITR.ZS,,,,,,,,,,,,,,,,,,,,,,,,,,,,,,,,,,,,,,,,,57.8974685668945,,,,,,,,,,71.4970703125,,,,,,,,79.0396423339844,,,
Gibraltar,GIB,"Literacy rate, adult total (% of people ages 15 and above)",SE.ADT.LITR.ZS,,,,,,,,,,,,,,,,,,,,,,,,,,,,,,,,,,,,,,,,,,,,,,,,,,,,,,,,,,,,,,
Guinea,GIN,"Literacy rate, adult total (% of people ages 15 and above)",SE.ADT.LITR.ZS,,,,,,,,,,,,,,,,,,,,,,,,,,,,,,,,,,,,,20.5537490844727,,,,,,,29.7040195465088,,,,,,,25.3077392578125,,,,32.0038414001465,,,,,,,
"Gambia, The",GMB,"Literacy rate, adult total (% of people ages 15 and above)",SE.ADT.LITR.ZS,,,,,,,,,,,,,,,,,,,,,,,,,,,,,,,,,,,,,,,,,36.81772994995121,,,,,,,,,,,,,41.9500503540039,,50.7779693603516,,,,,,
Guinea-Bissau,GNB,"Literacy rate, adult total (% of people ages 15 and above)",SE.ADT.LITR.ZS,,,,,,,,,,,,,,,,,,,,19.9582500457764,,,,,,,,,,,,,,,,,,,,,41.35776901245121,,,,,,,,,,,,,,45.5811614990234,,,,,,,
Equatorial Guinea,GNQ,"Literacy rate, adult total (% of people ages 15 and above)",SE.ADT.LITR.ZS,,,,,,,,,,,,,,,,,,,,,,,,,,,,,,,,,,,,,,,,,88.3082962036133,,,,,,,,,,94.3705368041992,,,,,,,,,,,
Greece,GRC,"Literacy rate, adult total (% of people ages 15 and above)",SE.ADT.LITR.ZS,,,,,,,,,,,,,,,,,,,,,,90.51232147216801,,,,,,,,,,92.6104507446289,,,,,,,,,,95.9943618774414,,,,93.0443115234375,,93.93154907226558,,93.9051132202148,,97.3687362670898,,,,,,,97.9359512329102,,,
Grenada,GRD,"Literacy rate, adult total (% of people ages 15 and above)",SE.ADT.LITR.ZS,,,,,,,,,,,97.7944717407227,,,,,,,,,,,,,,98.5999984741211,,,,,,,,,,98.5999984741211,,,,,,,,,,98.5999984741211,,,,,,,,,,98.5999984741211,,,,,,,
Greenland,GRL,"Literacy rate, adult total (% of people ages 15 and above)",SE.ADT.LITR.ZS,,,,,,,,,,,,,,,,,,,,,,,,,,,,,,,,,,,,,,,,,,,,,,,,,,,,,,,,,,,,,,
Guatemala,GTM,"Literacy rate, adult total (% of people ages 15 and above)",SE.ADT.LITR.ZS,,,,,,,,,,,,,,,,,,,,,,,,,,,,,,,,,,,64.21163940429689,,,,,,,,69.1017303466797,,,,,,,,,,78.2648620605469,77.0386734008789,81.2858963012695,,,,,,,
Guam,GUM,"Literacy rate, adult total (% of people ages 15 and above)",SE.ADT.LITR.ZS,,,,,,,,,,,,,,,,,,,,,96.42064666748051,,,,,,,,,,99.36914825439449,,,,,,,,,,,,,,,,,,,,,,,,,,,,,,,
Guyana,GUY,"Literacy rate, adult total (% of people ages 15 and above)",SE.ADT.LITR.ZS,,,,,,,,,,,,,,,,,,,,,,,,,,,,,,,,,,,,,,,,,,,,,,,,,,84.994010925293,,,,,85.6397323608398,,,,,,,
High income,HIC,"Literacy rate, adult total (% of people ages 15 and above)",SE.ADT.LITR.ZS,,,,,,,,,,,,,,,,,,,,,,,,,,,,,,,,,,,,,,,,,,,,,,,,,,,,,,,,,,,,,,
"Hong Kong SAR, China",HKG,"Literacy rate, adult total (% of people ages 15 and above)",SE.ADT.LITR.ZS,,,,,,,,,,,,,,,,,,,,,,,,,,,,,,,,,,,,,,,,,,,,,,,,,,,,,,,,,,,,,,
Honduras,HND,"Literacy rate, adult total (% of people ages 15 and above)",SE.ADT.LITR.ZS,,,,,,,,,,,,,,,,,,,,,,,,,,,,,,,,,,,,,,,,,,80.0110321044922,,,,,,83.5889892578125,,,84.7553634643555,85.1232986450195,85.3555526733398,85.46441650390629,87.1975326538086,87.90682983398442,88.9874801635742,,87.2052383422852,,,
Heavily indebted poor countries (HIPC),HPC,"Literacy rate, adult total (% of people ages 15 and above)",SE.ADT.LITR.ZS,,,,,,,,,,,,,,,,,,,,,,,,,,,42.9146690368652,43.5439682006836,43.9191398620605,44.5571899414063,45.1229591369629,45.3817291259766,45.68183898925779,46.0618286132813,46.6692886352539,46.6538314819336,47.1489601135254,47.96723937988279,48.645301818847706,49.4282417297363,50.1425590515137,51.0013618469238,51.454231262207,52.277408599853494,53.7155685424805,52.954551696777294,51.3365898132324,52.8661689758301,53.10871887207029,53.258338928222706,54.0748901367188,56.105110168457,57.333400726318395,58.3261795043945,59.16484069824221,59.646759033203104,60.4588088989258,61.3889312744141,61.88288879394529,62.505191802978494,,
Croatia,HRV,"Literacy rate, adult total (% of people ages 15 and above)",SE.ADT.LITR.ZS,,,,,,,,,,,,,,,,,,,,,,,,,,,,,,,,96.7015533447266,,,,,,,,,,98.1466827392578,,,,,,,,,,99.12535858154301,,,,,,,,,,
Haiti,HTI,"Literacy rate, adult total (% of people ages 15 and above)",SE.ADT.LITR.ZS,,,,,,,,,,,,,,,,,,,,,,,34.734691619873,,,,,,,,,,,,,,,,,,,,,58.743900299072294,,,48.685020446777294,,,,,,,,,,61.691349029540994,,,,,
Hungary,HUN,"Literacy rate, adult total (% of people ages 15 and above)",SE.ADT.LITR.ZS,,,,,,,,,,,,,,,,,,,,,98.8582916259766,,,,,,,,,,,,,,,,,,,,,,,,,,,,,,,,,,99.0999984741211,,,,,,,
IBRD only,IBD,"Literacy rate, adult total (% of people ages 15 and above)",SE.ADT.LITR.ZS,,,,,,,,,,,,,,,,63.0772514343262,63.173801422119105,63.4428291320801,64.1568984985352,64.8400802612305,65.2868728637695,66.09146118164061,66.8408126831055,67.6464920043945,68.4270706176758,69.12802124023439,69.7754287719727,70.5766830444336,72.8797225952148,73.46336364746091,73.7314834594727,74.5314102172852,75.1490097045898,75.6665267944336,76.1764831542969,76.7155075073242,77.2414321899414,80.1704025268555,81.7397079467773,82.112419128418,82.49330139160159,82.8407287597656,83.2699890136719,83.9349670410156,84.3295669555664,84.3632888793945,84.4233932495117,85.4960098266602,85.8472137451172,86.2550430297852,86.83493041992192,87.1953277587891,87.6995620727539,87.8695602416992,88.3409576416016,88.4513778686523,88.8177490234375,89.0443572998047,89.0665435791016,89.3655319213867,,
IDA & IBRD total,IBT,"Literacy rate, adult total (% of people ages 15 and above)",SE.ADT.LITR.ZS,,,,,,,,,,,,,,,,59.7594985961914,59.8586311340332,60.1298713684082,60.772300720214794,61.3890800476074,61.809810638427706,62.5276985168457,63.2189598083496,63.948390960693395,64.66091918945311,65.3053665161133,65.89926147460939,66.64675903320311,68.6918487548828,69.2513885498047,69.54599761962889,70.2490234375,70.878662109375,71.4188690185547,71.94505310058591,72.45143127441409,72.9733428955078,75.4921569824219,76.9760208129883,77.3769226074219,77.55323791503909,77.9418029785156,78.3900680541992,79.030517578125,79.5342102050781,79.4654083251953,79.735237121582,80.109733581543,80.6834335327148,81.0526428222656,81.5701370239258,81.8302001953125,82.35736083984379,82.5946731567383,83.0706100463867,83.2806396484375,83.8155822753906,84.0964126586914,84.12513732910159,84.4069519042969,,
IDA total,IDA,"Literacy rate, adult total (% of people ages 15 and above)",SE.ADT.LITR.ZS,,,,,,,,,,,,,,,,,,,,,,,,,,,,,,,,,,,,,,,,,,,,,,,,,,,,,,,,,,,,,,
IDA blend,IDB,"Literacy rate, adult total (% of people ages 15 and above)",SE.ADT.LITR.ZS,,,,,,,,,,,,,,,,,,,,,47.4052810668945,47.50617980957029,47.9353218078613,48.2315902709961,48.5201187133789,48.8258590698242,49.1440200805664,49.8141403198242,50.500370025634794,51.053680419921896,51.7557487487793,52.647190093994105,54.285369873046896,55.9980697631836,56.795230865478494,57.5763816833496,58.448280334472706,59.2787895202637,60.265750885009794,60.8960304260254,57.8624992370605,58.790401458740206,59.4720993041992,60.08760070800779,61.307289123535206,60.705638885498,66.5336837768555,59.77278137207029,61.009151458740206,61.942588806152294,62.39704895019529,62.470458984375,63.8763084411621,63.7358283996582,64.5992431640625,65.02774047851561,65.72805786132811,66.58383178710939,66.5693511962891,66.9814529418945,,
Indonesia,IDN,"Literacy rate, adult total (% of people ages 15 and above)",SE.ADT.LITR.ZS,,,,,,,,,,,,,,,,,,,,,67.3126678466797,,,,,,,,,,81.5198516845703,,,,,,,,,,,,,,90.3847885131836,,91.98226928710942,,92.1922988891602,92.5817031860352,,92.8119125366211,,,95.11621856689449,95.2179336547852,95.3769683837891,,95.65856170654301,,,
IDA only,IDX,"Literacy rate, adult total (% of people ages 15 and above)",SE.ADT.LITR.ZS,,,,,,,,,,,,,,,,,,,,,,41.96290969848629,42.3478202819824,42.742759704589794,43.2023696899414,43.6633987426758,44.06462097167971,44.55078125,45.44023132324221,46.0256195068359,46.5656814575195,46.743690490722706,47.2618293762207,47.69535827636721,48.54450988769529,49.042518615722706,49.590328216552706,50.3422317504883,51.8423881530762,52.677520751953104,53.3730316162109,54.0827293395996,54.813018798828104,55.556121826171896,56.710121154785206,56.554779052734396,55.7099685668945,55.5255012512207,57.6196899414063,57.8813400268555,58.46443176269529,58.6186408996582,59.2657699584961,60.5303611755371,61.27156066894529,62.3978691101074,64.25295257568361,64.97927856445311,65.49887084960939,66.0565719604492,,
Isle of Man,IMN,"Literacy rate, adult total (% of people ages 15 and above)",SE.ADT.LITR.ZS,,,,,,,,,,,,,,,,,,,,,,,,,,,,,,,,,,,,,,,,,,,,,,,,,,,,,,,,,,,,,,
India,IND,"Literacy rate, adult total (% of people ages 15 and above)",SE.ADT.LITR.ZS,,,,,,,,,,,,,,,,,,,,,,40.7635917663574,,,,,,,,,,48.2220687866211,,,,,,,,,,61.0145606994629,,,,,62.75447082519529,,,,,69.3025588989258,,,,,,,74.3729934692383,,,
Not classified,INX,"Literacy rate, adult total (% of people ages 15 and above)",SE.ADT.LITR.ZS,,,,,,,,,,,,,,,,,,,,,,,,,,,,,,,,,,,,,,,,,,,,,,,,,,,,,,,,,,,,,,
Ireland,IRL,"Literacy rate, adult total (% of people ages 15 and above)",SE.ADT.LITR.ZS,,,,,,,,,,,,,,,,,,,,,,,,,,,,,,,,,,,,,,,,,,,,,,,,,,,,,,,,,,,,,,
"Iran, Islamic Rep.",IRN,"Literacy rate, adult total (% of people ages 15 and above)",SE.ADT.LITR.ZS,,,,,,,,,,,,,,,,,36.5183982849121,,,,,,,,,,52.319759368896506,,,,,65.53140258789061,,,,,73.0602493286133,,,,,,77.0,,,82.4412002563477,82.3313217163086,,82.9623031616211,,,,83.62599182128909,84.6268005371094,84.7052383422852,,85.54425048828129,,,,,
Iraq,IRQ,"Literacy rate, adult total (% of people ages 15 and above)",SE.ADT.LITR.ZS,,,,,,,,,,,,,,,,,,,,,,,,,,,,,,,,,,,,,,,,,74.0522003173828,,,,,,,,,,,,77.1999969482422,72.6999969482422,82.1999969482422,,83.3000030517578,85.5999984741211,,,,
Iceland,ISL,"Literacy rate, adult total (% of people ages 15 and above)",SE.ADT.LITR.ZS,,,,,,,,,,,,,,,,,,,,,,,,,,,,,,,,,,,,,,,,,,,,,,,,,,,,,,,,,,,,,,
Israel,ISR,"Literacy rate, adult total (% of people ages 15 and above)",SE.ADT.LITR.ZS,,,,,,,,,,,,,,,,,,,,,,,,91.7514114379883,,,,,,,,,,,,,,,,,,,,,,,,,,,,,,,,,,,,,,
Italy,ITA,"Literacy rate, adult total (% of people ages 15 and above)",SE.ADT.LITR.ZS,,,,,,,,,,,,,,,,,,,,,,96.46054077148442,,,,,,,,,,,,,,,,,,,,98.41661834716801,,,,,,,,,,98.8482818603516,,,,,,,99.15576171875,,,
Jamaica,JAM,"Literacy rate, adult total (% of people ages 15 and above)",SE.ADT.LITR.ZS,,,,,,,,,,,,,,,,,,,,,,,,,,,,,,,,,,,,,,,,79.9201202392578,,,,,,,,,,,,,,,88.0999984741211,,,,,,,
Jordan,JOR,"Literacy rate, adult total (% of people ages 15 and above)",SE.ADT.LITR.ZS,,,,,,,,,,,,,,,,,,,,66.7968063354492,,,,,,,,,,,,,,,,,,,,,,,,89.8923187255859,,91.1307525634766,,92.19957733154301,,,92.5510406494141,95.90444946289058,97.89031982421879,,,,,,98.22711181640629,,,
Japan,JPN,"Literacy rate, adult total (% of people ages 15 and above)",SE.ADT.LITR.ZS,,,,,,,,,,,,,,,,,,,,,,,,,,,,,,,,,,,,,,,,,,,,,,,,,,,,,,,,,,,,,,
Kazakhstan,KAZ,"Literacy rate, adult total (% of people ages 15 and above)",SE.ADT.LITR.ZS,,,,,,,,,,,,,,,,,,,,,,,,,,,,,,97.5293807983398,,,,,,,,,,99.5126571655273,,,,,,,,,,99.7324066162109,99.7816314697266,,,,,,,,99.7816314697266,,,
Kenya,KEN,"Literacy rate, adult total (% of people ages 15 and above)",SE.ADT.LITR.ZS,,,,,,,,,,,,,,,,,,,,,,,,,,,,,,,,,,,,,,,,,82.2290802001953,,,,,,,72.1570281982422,,,,,,,78.733039855957,,,,81.53497314453129,,,
Kyrgyz Republic,KGZ,"Literacy rate, adult total (% of people ages 15 and above)",SE.ADT.LITR.ZS,,,,,,,,,,,,,,,,,,,,,,,,,,,,,,,,,,,,,,,,98.7016067504883,,,,,,,,,,99.2434310913086,,,,,,,,,99.58599853515629,,,
Cambodia,KHM,"Literacy rate, adult total (% of people ages 15 and above)",SE.ADT.LITR.ZS,,,,,,,,,,,,,,,,,,,,,,,,,,,,,,,,,,,,,,,67.3350296020508,,,,,,73.6099472045898,,,,76.8712921142578,76.1379623413086,,,,,78.0550918579102,80.5264892578125,,,,,,
Kiribati,KIR,"Literacy rate, adult total (% of people ages 15 and above)",SE.ADT.LITR.ZS,,,,,,,,,,,,,,,,,,,,,,,,,,,,,,,,,,,,,,,,,,,,,,,,,,,,,,,,,,,,,,
St. Kitts and Nevis,KNA,"Literacy rate, adult total (% of people ages 15 and above)",SE.ADT.LITR.ZS,,,,,,,,,,,,,,,,,,,,,,,,,,,,,,,,,,,,,,,,,,,,,,,,,,,,,,,,,,,,,,
"Korea, Rep.",KOR,"Literacy rate, adult total (% of people ages 15 and above)",SE.ADT.LITR.ZS,,,,,,,,,,,,,,,,,,,,,,,,,,,,,,,,,,,,,,,,,,,,,,,,,97.9659423828125,,,,,,,,,,,,,
Kuwait,KWT,"Literacy rate, adult total (% of people ages 15 and above)",SE.ADT.LITR.ZS,,,,,,,,,,,,,,,,59.564388275146506,,,,,67.5176620483398,,,,,74.4908676147461,,,,,,,,,,78.3955001831055,,,,,,,,,,93.2744598388672,93.2821197509766,93.66419219970699,93.8983001708984,,94.4690093994141,,95.5131683349609,95.58582305908199,,95.6854476928711,,96.03594970703129,96.0564727783203,,,
Latin America & Caribbean (excluding high income),LAC,"Literacy rate, adult total (% of people ages 15 and above)",SE.ADT.LITR.ZS,,,,,,,,,,,,,,,78.0144729614258,78.015266418457,78.368537902832,78.7851867675781,79.2237167358398,79.6193389892578,79.9890213012695,80.3725891113281,80.75433349609379,81.152587890625,81.5304489135742,81.8976135253906,82.2578201293945,82.5639190673828,83.0700225830078,83.4909896850586,83.8430709838867,84.4363021850586,85.0903015136719,85.75559997558591,86.3481063842773,86.9813079833984,87.32528686523442,87.6218032836914,88.12242889404301,88.4356689453125,88.6890869140625,88.7828598022461,88.8950881958008,89.706298828125,89.6801223754883,90.17938232421879,90.1808319091797,90.7081832885742,90.98342895507808,91.3837127685547,91.39028930664058,92.0139999389648,92.2384872436523,92.3103790283203,92.76419067382808,92.9517974853516,93.4255905151367,93.57028198242192,93.72753143310551,94.17028045654301,,
Lao PDR,LAO,"Literacy rate, adult total (% of people ages 15 and above)",SE.ADT.LITR.ZS,,,,,,,,,,,,,,,,,,,,,,,,,,,,,,,,,,,,60.2513313293457,,,,,69.583122253418,68.7343902587891,,,,72.702262878418,,,,,,58.2879409790039,,,,84.6610412597656,,,,,,
Lebanon,LBN,"Literacy rate, adult total (% of people ages 15 and above)",SE.ADT.LITR.ZS,,,,,,,,,,,,,,,,,,,,,,,,,,,,,,,,,,,,,,,,,,,,,,,,89.6124420166016,,91.1841888427734,,,,,,,,,95.0694427490234,,,
Liberia,LBR,"Literacy rate, adult total (% of people ages 15 and above)",SE.ADT.LITR.ZS,,,,,,,,,,,,,,,,,,,,,,,,,32.1067695617676,,,,,,,,,,,,,,,,,,,,,,,42.941078186035206,,,,,,,,,,48.301361083984396,,,,
Libya,LBY,"Literacy rate, adult total (% of people ages 15 and above)",SE.ADT.LITR.ZS,,,,,,,,,,,,,,,,,,,,,,,,,60.164390563964794,,,,,,,,,,76.5,,,,,,,,,,86.0999984741211,,,,,,,,,,,,,,,,,
St. Lucia,LCA,"Literacy rate, adult total (% of people ages 15 and above)",SE.ADT.LITR.ZS,,,,,,,,,,,,,,,,,,,,,,,,,,,,,,,,,,,,,,,,,,,,,,,,,,,,,,,,,,,,,,
Latin America & Caribbean,LCN,"Literacy rate, adult total (% of people ages 15 and above)",SE.ADT.LITR.ZS,,,,,,,,,,,,,,,78.8258285522461,78.821533203125,79.1520767211914,79.5425262451172,79.9649887084961,80.3463973999023,80.6980972290039,81.0715103149414,81.4330978393555,81.8172378540039,82.1798782348633,82.5324172973633,82.8791580200195,83.1614303588867,83.6432418823242,84.0783386230469,84.4156723022461,84.9797668457031,85.5998306274414,86.23312377929692,86.7970428466797,87.39913940429692,87.7286605834961,88.0181198120117,88.4955215454102,88.7900924682617,89.0331497192383,89.1287002563477,89.23876190185551,90.00466918945308,89.9862518310547,90.4638824462891,90.47693634033199,91.0505599975586,91.28936767578129,91.6685104370117,91.6458587646484,92.2379608154297,92.4611587524414,92.5070571899414,92.94821166992192,93.13275146484379,93.59496307373051,93.70874786376949,93.86865997314449,94.2945098876953,,
Least developed countries: UN classification,LDC,"Literacy rate, adult total (% of people ages 15 and above)",SE.ADT.LITR.ZS,,,,,,,,,,,,,,,,,,,,,,40.1787986755371,40.5574188232422,40.954109191894496,41.4047813415527,41.85546875,42.23878860473629,42.715728759765604,43.613620758056605,44.2251205444336,44.7700996398926,44.9188003540039,45.4445190429688,45.8772392272949,46.763389587402294,47.4834518432617,48.0152587890625,48.766151428222706,50.3154792785645,51.18608093261721,51.647331237793,52.2954216003418,52.9467887878418,53.793628692627,55.007808685302706,54.7810211181641,53.785438537597706,53.3418312072754,55.555938720703104,56.1546287536621,56.6507987976074,56.7677116394043,57.506320953369105,58.8749885559082,59.625640869140604,60.8761215209961,62.89241027832029,63.6829414367676,64.27587890625,64.8578033447266,,
Low income,LIC,"Literacy rate, adult total (% of people ages 15 and above)",SE.ADT.LITR.ZS,,,,,,,,,,,,,,,,,,,,,,,,,,,,,45.9244995117188,46.3632202148438,46.8197898864746,46.9885406494141,47.1315994262695,47.3432006835938,47.7943916320801,47.983978271484396,48.3582916259766,49.102088928222706,49.7646293640137,50.3463287353516,50.6435890197754,51.4402885437012,52.095588684082,52.5735893249512,54.101619720459006,53.389720916748,51.524509429931605,52.864078521728494,53.292751312255895,53.7956695556641,54.252159118652294,56.1606216430664,56.632938385009794,57.6202201843262,58.0270500183105,58.580020904540994,59.2853889465332,60.10514831542971,60.496711730957,60.9580497741699,,
Liechtenstein,LIE,"Literacy rate, adult total (% of people ages 15 and above)",SE.ADT.LITR.ZS,,,,,,,,,,,,,,,,,,,,,,,,,,,,,,,,,,,,,,,,,,,,,,,,,,,,,,,,,,,,,,
Sri Lanka,LKA,"Literacy rate, adult total (% of people ages 15 and above)",SE.ADT.LITR.ZS,,,,,,,,,,,,,,,,,,,,,,86.77792358398442,,,,,,,,,,,,,,,,,,,,90.68274688720699,,,,,90.80883026123051,,90.55795288085942,,91.1813583374023,,,,,,92.38690185546879,91.895751953125,91.7098236083984,,,
Lower middle income,LMC,"Literacy rate, adult total (% of people ages 15 and above)",SE.ADT.LITR.ZS,,,,,,,,,,,,,,,,47.384128570556605,47.4542083740234,47.9175796508789,48.3977203369141,48.8495216369629,49.3119087219238,49.394718170165994,50.2467384338379,50.677581787109396,51.2041015625,51.7376098632813,52.212429046630895,52.989540100097706,53.6139984130859,54.276580810546896,54.898590087890604,55.362709045410206,56.357349395752,57.1219711303711,57.8704414367676,58.5755081176758,59.326011657714794,59.988468170165994,63.3361396789551,63.9881782531738,64.11306762695311,64.6119766235352,65.4485397338867,66.3755722045898,67.1263427734375,66.7508087158203,67.5470733642578,67.3390274047852,68.596321105957,69.2816162109375,70.50018310546879,70.7101211547852,71.5862731933594,72.10707092285159,72.8635787963867,73.6382675170898,74.35328674316409,75.0041427612305,75.4316329956055,75.9675674438477,,
Low & middle income,LMY,"Literacy rate, adult total (% of people ages 15 and above)",SE.ADT.LITR.ZS,,,,,,,,,,,,,,,,59.01322937011721,59.1267509460449,59.41825866699221,60.088741302490206,60.7328300476074,61.176361083984396,61.9241790771484,62.6430511474609,63.39836120605471,64.13645172119139,64.8054275512695,65.4190673828125,66.19138336181639,68.2839279174805,68.8569183349609,69.16249847412111,69.88131713867189,70.524543762207,71.076286315918,71.6134414672852,72.1305313110352,72.6634826660156,75.2184295654297,76.7250518798828,77.137451171875,77.3191604614258,77.715202331543,78.1727523803711,78.82447814941409,79.3366394042969,79.2699508666992,79.5449600219727,79.9194717407227,80.50469970703129,80.87705993652341,81.4062271118164,81.6724472045898,82.2067031860352,82.45152282714841,82.93345642089841,83.14720153808591,83.6880187988281,83.9768371582031,84.0070877075195,84.2930908203125,,
Lesotho,LSO,"Literacy rate, adult total (% of people ages 15 and above)",SE.ADT.LITR.ZS,,,,,,,,,,,,,,,,,,,,,,,,,,,,,,,,,,,,,,,,,86.2544326782227,,,,,,,,,75.8002014160156,,,,,76.6352005004883,,,,,,,
Late-demographic dividend,LTE,"Literacy rate, adult total (% of people ages 15 and above)",SE.ADT.LITR.ZS,,,,,,,,,,,,,,,,,70.4350280761719,70.4515914916992,71.2476272583008,72.0245132446289,72.8337173461914,73.60997009277341,74.185791015625,75.1463394165039,75.9018783569336,76.642463684082,77.3037490844727,78.00672912597659,81.60838317871091,82.1532821655273,82.0209579467773,83.1549835205078,83.6450576782227,84.12547302246091,84.5795135498047,85.0500030517578,85.4795227050781,90.33847045898442,90.6796493530273,90.9828567504883,91.18414306640629,91.5864105224609,91.9046173095703,92.2973098754883,92.5467300415039,92.87256622314449,93.0986709594727,94.08682250976558,94.3042526245117,94.58458709716801,94.6077499389648,95.1283187866211,95.30020141601558,95.3656997680664,95.5311737060547,95.6782608032227,95.87560272216801,96.0110397338867,96.1560592651367,96.34008026123051,,
Lithuania,LTU,"Literacy rate, adult total (% of people ages 15 and above)",SE.ADT.LITR.ZS,,,,,,,,,,,,,,,,,,,,,,,,,,,,,,98.4412689208984,,,,,,,,,,,,99.645751953125,,,,,,,,,,99.8155975341797,,,,,,,,,,
Luxembourg,LUX,"Literacy rate, adult total (% of people ages 15 and above)",SE.ADT.LITR.ZS,,,,,,,,,,,,,,,,,,,,,,,,,,,,,,,,,,,,,,,,,,,,,,,,,,,,,,,,,,,,,,
Latvia,LVA,"Literacy rate, adult total (% of people ages 15 and above)",SE.ADT.LITR.ZS,,,,,,,,,,,,,,,,,,,,,,,,,,,,,,99.45230102539058,,,,,,,,,,,99.7465667724609,,,,,,,,,,,99.8958969116211,,,,,,,99.88931274414058,,,
"Macao SAR, China",MAC,"Literacy rate, adult total (% of people ages 15 and above)",SE.ADT.LITR.ZS,,,,,,,,,,,,,,,,,,,,,,90.37818145751949,,,,,,,,,,,,,,,,,,,,91.2953720092773,,,,,93.49974822998051,,,,,95.6400375366211,,,,,96.5384902954102,,,,,
St. Martin (French part),MAF,"Literacy rate, adult total (% of people ages 15 and above)",SE.ADT.LITR.ZS,,,,,,,,,,,,,,,,,,,,,,,,,,,,,,,,,,,,,,,,,,,,,,,,,,,,,,,,,,,,,,
Morocco,MAR,"Literacy rate, adult total (% of people ages 15 and above)",SE.ADT.LITR.ZS,,,,,,,,,,,,,,,,,,,,,,,30.257799148559602,,,,,,,,,,,,41.594108581543004,,,,,,,,,,52.3062591552734,,,,55.147918701171896,56.0836715698242,,67.0841598510742,69.42539215087889,,,,,,73.7500076293945,,,
Monaco,MCO,"Literacy rate, adult total (% of people ages 15 and above)",SE.ADT.LITR.ZS,,,,,,,,,,,,,,,,,,,,,,,,,,,,,,,,,,,,,,,,,,,,,,,,,,,,,,,,,,,,,,
Moldova,MDA,"Literacy rate, adult total (% of people ages 15 and above)",SE.ADT.LITR.ZS,,,,,,,,,,,,,,,,,,,,,,,,,,,,,,96.3775482177734,,,,,,,,,,,96.65380096435551,,,,98.3584976196289,,,98.6222915649414,,99.0699615478516,99.0231781005859,,99.13831329345699,,99.35989379882808,,,,,,,
Madagascar,MDG,"Literacy rate, adult total (% of people ages 15 and above)",SE.ADT.LITR.ZS,,,,,,,,,,,,,,,,,,,,,,,,,,,,,,,,,,,,,,,,,70.68617248535159,,,,,58.935939788818395,,,,64.4809112548828,,,71.57261657714841,,,,,,74.8043212890625,,,
Maldives,MDV,"Literacy rate, adult total (% of people ages 15 and above)",SE.ADT.LITR.ZS,,,,,,,,,,,,,,,,,,82.2999572753906,,,,,,,,92.2300491333008,,,,,96.0182571411133,,,,,96.3264999389648,,,,,,,,,,,98.3979034423828,,,,,,,,98.6101226806641,,97.7349472045898,,,,,
Middle East & North Africa,MEA,"Literacy rate, adult total (% of people ages 15 and above)",SE.ADT.LITR.ZS,,,,,,,,,,,,,,42.9323081970215,43.4279899597168,43.9563102722168,44.4823684692383,45.08251953125,45.7653007507324,46.4770317077637,47.2460403442383,47.99848937988279,48.7943916320801,49.529781341552706,50.4935111999512,51.4777412414551,52.557369232177706,53.3332710266113,54.454471588134794,55.506160736084006,57.9372406005859,59.191501617431605,60.1941986083984,61.0626106262207,62.0344314575195,63.5445213317871,64.8845977783203,65.8218536376953,67.0243988037109,68.0925216674805,69.1052169799805,70.23477172851561,70.6838073730469,73.94261169433591,74.8511962890625,74.43711853027341,74.5766525268555,75.07904052734379,75.76853942871091,75.6679916381836,76.4809188842773,77.2680206298828,79.8938217163086,79.6948623657227,81.1423416137695,79.4324264526367,80.455192565918,81.5253982543945,78.98143005371091,79.3101425170898,,
Mexico,MEX,"Literacy rate, adult total (% of people ages 15 and above)",SE.ADT.LITR.ZS,,,,,,,,,,,,,,,,,,,,,82.98924255371091,,,,,,,,,,87.55615234375,,,,,,,,,,90.5356216430664,,90.27465057373051,,90.95374298095699,91.6302719116211,91.7345199584961,92.79517364501949,92.92559814453129,93.4418792724609,93.06893920898442,93.5199813842773,94.22840118408199,93.9628524780273,94.55587768554692,94.47228240966801,94.859619140625,94.9727783203125,95.37991333007808,,,
Marshall Islands,MHL,"Literacy rate, adult total (% of people ages 15 and above)",SE.ADT.LITR.ZS,,,,,,,,,,,,,,,,,,,,,,,,,,,,,,,,,,,,,,,,,,,,,,,,,,,,98.2650833129883,,,,,,,,,,
Middle income,MIC,"Literacy rate, adult total (% of people ages 15 and above)",SE.ADT.LITR.ZS,,,,,,,,,,,,,,,,60.176639556884794,60.2811508178711,60.5722503662109,61.2672996520996,61.933719635009794,62.380531311035206,63.1416893005371,63.874820709228494,64.6451568603516,65.3998870849609,66.0823974609375,66.712890625,67.5027389526367,69.7035598754883,70.29107666015629,70.5949478149414,71.361442565918,72.0500717163086,72.6379699707031,73.1961669921875,73.7520523071289,74.3033981323242,76.9929962158203,78.5722427368164,78.9882736206055,79.17662048339841,79.5609512329102,80.02049255371091,80.70118713378909,81.1590881347656,81.1610870361328,81.61647033691409,81.9461288452148,82.57232666015629,82.96507263183591,83.5306777954102,83.6968765258789,84.2653579711914,84.4799880981445,84.9993133544922,85.2175521850586,85.7772903442383,86.0545501708984,86.0886611938477,86.3962631225586,,
North Macedonia,MKD,"Literacy rate, adult total (% of people ages 15 and above)",SE.ADT.LITR.ZS,,,,,,,,,,,,,,,,,,,,,,,,,,,,,,,,,,,94.05874633789058,,,,,,,,96.1289291381836,,,,,,,,,,,,97.8000030517578,,,,,,,
Mali,MLI,"Literacy rate, adult total (% of people ages 15 and above)",SE.ADT.LITR.ZS,,,,,,,,,,,,,,,,,9.43381023406982,,,,,,,,,,,,,,,,,,,,,,19.044969558715803,,,,,24.0,,,26.176549911499,,,,31.0997505187988,30.6186695098877,,,,33.0688896179199,,,35.4737701416016,,,
Malta,MLT,"Literacy rate, adult total (% of people ages 15 and above)",SE.ADT.LITR.ZS,,,,,,,,,,,,,,,,,,,,,,,,,,86.92984008789058,,,,,,,,,,87.8686981201172,,,,,,,,,,92.3630905151367,,,,,,93.3073577880859,,,,,,,94.5031890869141,,,
Myanmar,MMR,"Literacy rate, adult total (% of people ages 15 and above)",SE.ADT.LITR.ZS,,,,,,,,,,,,,,,,,,,,,,,,78.5704116821289,,,,,,,,,,,,,,,,,89.9417572021484,,,,,,,,,,,,,,,,75.5512008666992,,,,,
Middle East & North Africa (excluding high income),MNA,"Literacy rate, adult total (% of people ages 15 and above)",SE.ADT.LITR.ZS,,,,,,,,,,,,,39.5626106262207,40.0512199401855,40.5451889038086,41.0780601501465,41.60084915161129,42.203651428222706,42.9020004272461,43.622859954834006,44.4291305541992,45.2099609375,45.9684982299805,46.744258880615206,47.7587013244629,48.8219718933105,49.995700836181605,50.827880859375,51.950069427490206,53.0048294067383,55.633571624755895,56.944091796875,58.0135612487793,58.9379997253418,59.9562187194824,61.580051422119105,62.9868316650391,63.9375,65.1283798217773,66.228401184082,67.2686614990234,68.4213104248047,68.7365570068359,72.3930206298828,73.2911682128906,72.7040481567383,72.6973190307617,73.1150131225586,73.715446472168,73.4504089355469,74.2738800048828,74.5091094970703,77.5119094848633,77.1405029296875,78.7946319580078,76.6233215332031,77.8165588378906,79.0347671508789,75.96434020996091,76.3424072265625,,
Montenegro,MNE,"Literacy rate, adult total (% of people ages 15 and above)",SE.ADT.LITR.ZS,,,,,,,,,,,,,,,,,,,,,,89.6352996826172,,,,,,,,,,93.46273803710942,,,,,,,,,,,,97.7734603881836,,,,,,,,98.4422073364258,,,,,,,98.8471832275391,,,
Mongolia,MNG,"Literacy rate, adult total (% of people ages 15 and above)",SE.ADT.LITR.ZS,,,,,,,,,,,,,,,,,,,,,,,,,,,,,,,,,,,,,,,,,97.7688522338867,,,,,,,,,,98.2570037841797,,,,,,,,98.4231185913086,,,
Northern Mariana Islands,MNP,"Literacy rate, adult total (% of people ages 15 and above)",SE.ADT.LITR.ZS,,,,,,,,,,,,,,,,,,,,,,,,,,,,,,,,,,,,,,,,,,,,,,,,,,,,,,,,,,,,,,
Mozambique,MOZ,"Literacy rate, adult total (% of people ages 15 and above)",SE.ADT.LITR.ZS,,,,,,,,,,,,,,,,,,,,,26.997709274292003,,,,,,,,,,,,,,,,,38.707878112793004,,,,,,48.158840179443395,,,,,,50.5838088989258,,,,,,56.0390014648438,,60.6554298400879,,,,
Mauritania,MRT,"Literacy rate, adult total (% of people ages 15 and above)",SE.ADT.LITR.ZS,,,,,,,,,,,,,,,,,,,,,,,,,,,,,,,,,,,,,,,,,51.207679748535206,,,,,,,45.503780364990206,,,,,,,,,,53.497589111328104,,,,
Mauritius,MUS,"Literacy rate, adult total (% of people ages 15 and above)",SE.ADT.LITR.ZS,,,,,,,,,,,,,,,,,,,,,,,,,,,,,,,79.8686599731445,,,,,,,,,,84.303092956543,,,,,,,,,,,89.2498397827148,91.7660064697266,91.4900283813477,92.47476196289058,92.7076034545898,93.1578369140625,,91.3253936767578,,,
Malawi,MWI,"Literacy rate, adult total (% of people ages 15 and above)",SE.ADT.LITR.ZS,,,,,,,,,,,,,,,,,,,,,,,,,,,,48.536651611328104,,,,,,,,,,,64.13424682617189,,,,,,,,,,,,61.309719085693395,,,,65.1453704833984,62.1435394287109,,,,,,
Malaysia,MYS,"Literacy rate, adult total (% of people ages 15 and above)",SE.ADT.LITR.ZS,,,,,,,,,,,,,,,,,,,,,69.51632690429689,,,,,,,,,,,82.9153671264648,,,,,,,,,88.6877593994141,,,,,,,,,,93.11788940429692,,,,,,94.8805770874023,95.08264923095699,94.8544082641602,,,
North America,NAC,"Literacy rate, adult total (% of people ages 15 and above)",SE.ADT.LITR.ZS,,,,,,,,,,,,,,,,,,,,,,,,,,,,,,,,,,,,,,,,,,,,,,,,,,,,,,,,,,,,,,
Namibia,NAM,"Literacy rate, adult total (% of people ages 15 and above)",SE.ADT.LITR.ZS,,,,,,,,,,,,,,,,,,,,,,,,,,,,,,,,75.8165817260742,,,,,,,,,,84.9442596435547,,,,,,76.48658752441409,,,,88.27462768554692,,,,,,,91.5272674560547,,,
New Caledonia,NCL,"Literacy rate, adult total (% of people ages 15 and above)",SE.ADT.LITR.ZS,,,,,,,,,,,,,,,,,91.3003692626953,,,,,,,,,,,,,93.08062744140629,,,,,,,96.1379165649414,,,,,,,,,,,,,,,,,,97.8000030517578,,,,,,,
Niger,NER,"Literacy rate, adult total (% of people ages 15 and above)",SE.ADT.LITR.ZS,,,,,,,,,,,,,,,,,,,,,,,,,,,,,,,,,,,,,,,,,,14.3760404586792,,,,28.672420501709,,,,,,,30.5603904724121,,,,,,35.0499992370605,,,
Nigeria,NGA,"Literacy rate, adult total (% of people ages 15 and above)",SE.ADT.LITR.ZS,,,,,,,,,,,,,,,,,,,,,,,,,,,,,,,,55.446750640869105,,,,,,,,,,,,54.7731781005859,,,70.1983489990234,,51.0776596069336,,,,,,,,,,62.0160102844238,,,
Nicaragua,NIC,"Literacy rate, adult total (% of people ages 15 and above)",SE.ADT.LITR.ZS,,,,,,,,,,,,,,,,,,,,,,,,,,,,,,,,,,,,,,,,,,76.677131652832,,,,78.0029830932617,,,,,,,,,,82.6145477294922,,,,,,
Netherlands,NLD,"Literacy rate, adult total (% of people ages 15 and above)",SE.ADT.LITR.ZS,,,,,,,,,,,,,,,,,,,,,,,,,,,,,,,,,,,,,,,,,,,,,,,,,,,,,,,,,,,,,,
Norway,NOR,"Literacy rate, adult total (% of people ages 15 and above)",SE.ADT.LITR.ZS,,,,,,,,,,,,,,,,,,,,,,,,,,,,,,,,,,,,,,,,,,,,,,,,,,,,,,,,,,,,,,
Nepal,NPL,"Literacy rate, adult total (% of people ages 15 and above)",SE.ADT.LITR.ZS,,,,,,,,,,,,,,,,,,,,,,20.5736694335938,,,,,,,,,,32.9755897521973,,,,,,,,,,48.608970642089794,,,,,,,,,,59.6272506713867,,,,,,,67.9084320068359,,,
Nauru,NRU,"Literacy rate, adult total (% of people ages 15 and above)",SE.ADT.LITR.ZS,,,,,,,,,,,,,,,,,,,,,,,,,,,,,,,,,,,,,,,,,,,,,,,,,,,,,,,,,,,,,,
New Zealand,NZL,"Literacy rate, adult total (% of people ages 15 and above)",SE.ADT.LITR.ZS,,,,,,,,,,,,,,,,,,,,,,,,,,,,,,,,,,,,,,,,,,,,,,,,,,,,,,,,,,,,,,
OECD members,OED,"Literacy rate, adult total (% of people ages 15 and above)",SE.ADT.LITR.ZS,,,,,,,,,,,,,,,,,,,,,,,,,,,,,,,,,,,,,,,,,,,,,,,,,,,,,,,,,,,,,,
Oman,OMN,"Literacy rate, adult total (% of people ages 15 and above)",SE.ADT.LITR.ZS,,,,,,,,,,,,,,,,,,,,,,,,,,,,,,,,,,,,,,,,,,,,81.3633117675781,,,,,86.6211395263672,,86.9390029907227,,,,91.981201171875,93.0386123657227,94.8999862670898,95.5759963989258,95.6515274047852,,,
Other small states,OSS,"Literacy rate, adult total (% of people ages 15 and above)",SE.ADT.LITR.ZS,,,,,,,,,,,,,,,,,,,,,,,,71.822883605957,72.00213623046879,72.1707000732422,72.4011764526367,72.7764205932617,73.2710037231445,73.7546463012695,74.0808563232422,74.5175704956055,74.98155212402341,75.5652236938477,75.76487731933591,76.17323303222659,76.7969970703125,77.3566131591797,78.1599426269531,78.7051315307617,78.7776718139648,79.475227355957,80.30616760253909,81.0053176879883,81.33009338378909,81.957878112793,81.5332107543945,80.5479431152344,81.7263412475586,81.0891494750977,81.48590087890629,82.19190979003909,82.4400329589844,82.88600158691409,83.3042526245117,84.69232177734379,84.615119934082,84.8292617797852,85.0698623657227,85.3642272949219,,
Pakistan,PAK,"Literacy rate, adult total (% of people ages 15 and above)",SE.ADT.LITR.ZS,,,,,,,,,,,,,,,,,,,,,,25.7251892089844,,,,,,,,,,,,,,,,,42.699310302734396,,,,,,,49.8736381530762,54.1512107849121,52.1368293762207,55.526371002197294,54.8926391601563,55.3751907348633,54.7380218505859,56.764339447021506,55.5949897766113,56.9771499633789,,,59.132049560546896,,,,
Panama,PAN,"Literacy rate, adult total (% of people ages 15 and above)",SE.ADT.LITR.ZS,,,,,,,,,,,,,,,,,,,,,88.0717391967773,,,,,,,,,,88.7798614501953,,,,,,,,,,91.8996200561523,,,,,,,,,,94.0941162109375,,,,,,,,95.4118118286133,,,
Peru,PER,"Literacy rate, adult total (% of people ages 15 and above)",SE.ADT.LITR.ZS,,,,,,,,,,,,,,,,,,,,,,81.91845703125,,,,,,,,,,,,87.15062713623051,,,,,,,,,,,87.6698532104492,87.9086685180664,88.6993408203125,89.59081268310551,,,,,93.8417282104492,,93.70794677734379,94.1623382568359,94.1736679077148,94.1496124267578,94.4082717895508,,,
Philippines,PHL,"Literacy rate, adult total (% of people ages 15 and above)",SE.ADT.LITR.ZS,,,,,,,,,,,,,,,,,,,,,83.3172302246094,,,,,,,,,,93.5738983154297,,,,93.9159698486328,,,,,,92.6000595092773,,,92.59069061279301,,,,,95.4200973510742,,,,,96.3980026245117,,98.1825485229492,,,,,,
Palau,PLW,"Literacy rate, adult total (% of people ages 15 and above)",SE.ADT.LITR.ZS,,,,,,,,,,,,,,,,,,,,,91.92141723632808,,,,,,,,,,,,,,,,,,,,,,,,,,,,,,,,,99.5031280517578,,96.59374237060551,,,,,,
Papua New Guinea,PNG,"Literacy rate, adult total (% of people ages 15 and above)",SE.ADT.LITR.ZS,,,,,,,,,,,,,,,,,,,,,,,,,,,,,,,,,,,,,,,,,57.34326171875,,,,,,,,,,61.5999984741211,,,,,,,,,,,
Poland,POL,"Literacy rate, adult total (% of people ages 15 and above)",SE.ADT.LITR.ZS,,,,,,,,,,,,,,,,,,,98.74273681640629,,,,,,,,,,98.74273681640629,,,,,,,,,,98.74273681640629,,,,,,,,,,98.74273681640629,,,,,,,,,,,,,
Pre-demographic dividend,PRE,"Literacy rate, adult total (% of people ages 15 and above)",SE.ADT.LITR.ZS,,,,,,,,,,,,,,,,,,,,,,,,,,,48.0910797119141,48.8569488525391,49.4337501525879,50.1991081237793,50.843570709228494,51.3633918762207,51.7038993835449,52.2774314880371,52.8694000244141,53.2431488037109,53.9357299804688,54.88716125488279,55.559329986572294,56.45719909667971,54.7624397277832,55.7725486755371,56.3507194519043,56.7493095397949,57.6816902160645,57.1717109680176,58.5146903991699,54.71630859375,54.6610298156738,53.9586410522461,54.588619232177706,56.301361083984396,58.834068298339794,59.5305290222168,60.5999984741211,59.6622505187988,61.963470458984396,62.9297103881836,62.001468658447294,62.5591812133789,,
Puerto Rico,PRI,"Literacy rate, adult total (% of people ages 15 and above)",SE.ADT.LITR.ZS,,,,,,,,,,,,,,,,,,,,,86.74606323242192,,,,,,,,,,89.62249755859379,,,,,,,,,,,,,,,,,,,,91.9652328491211,,,,,,,92.3899993896484,,,,
"Korea, Dem. Peoples Rep.",PRK,"Literacy rate, adult total (% of people ages 15 and above)",SE.ADT.LITR.ZS,,,,,,,,,,,,,,,,,,,,,,,,,,,,,,,,,,,,,,,,,,,,,,,,,99.9981918334961,,,,,,,,,,,,,
Portugal,PRT,"Literacy rate, adult total (% of people ages 15 and above)",SE.ADT.LITR.ZS,,,,,,,,,,,,,,,,,,,,,,79.43560791015629,,,,,,,,,,87.9478530883789,,,,,,,,,,90.4397506713867,,,,,,,,,,94.47705078125,,,,,,,96.1375885009766,,,
Paraguay,PRY,"Literacy rate, adult total (% of people ages 15 and above)",SE.ADT.LITR.ZS,,,,,,,,,,,,,,,,,,,,,,,78.458610534668,,,,,,,,,,90.27182006835942,,,,,,,,,,92.8096084594727,,,,,94.55821990966801,93.29208374023442,93.75424194335942,93.8709182739258,,94.1974716186523,95.0590362548828,95.0348129272461,95.55484008789058,94.65023803710942,,94.0207977294922,,,
West Bank and Gaza,PSE,"Literacy rate, adult total (% of people ages 15 and above)",SE.ADT.LITR.ZS,,,,,,,,,,,,,,,,,,,,,,,,,,,,,,,,,,,,,,86.0628890991211,,,,,,,92.27996826171879,,93.45001220703129,93.88214111328129,94.0586776733398,94.5991668701172,94.9320068359375,95.26724243164058,95.90621948242192,96.2848968505859,96.4283905029297,96.6907272338867,96.9302291870117,,97.2186126708984,,,
Pacific island small states,PSS,"Literacy rate, adult total (% of people ages 15 and above)",SE.ADT.LITR.ZS,,,,,,,,,,,,,,,,,,,,,,,,,,,,,,,86.9667816162109,86.9981536865234,87.2303009033203,87.46949005126949,87.71157836914058,87.9508285522461,88.1204986572266,88.38018798828129,88.59710693359379,88.80152130126949,88.9802398681641,89.1608123779297,89.33029174804692,89.47662353515629,89.6314697265625,89.76138305664058,89.87866973876949,90.0419692993164,90.21459197998051,90.3834915161133,90.5608596801758,90.686767578125,90.7922134399414,90.8894577026367,90.9466781616211,91.0159912109375,91.1451034545898,91.2779693603516,91.2938079833984,,,
Post-demographic dividend,PST,"Literacy rate, adult total (% of people ages 15 and above)",SE.ADT.LITR.ZS,,,,,,,,,,,,,,,,,,,,,,,,,,,,,,,,,,,,,,,,,,,,,,,,,,,,,,,,,,,,,,
French Polynesia,PYF,"Literacy rate, adult total (% of people ages 15 and above)",SE.ADT.LITR.ZS,,,,,,,,,,,,,,,,,,,,,,,,,,,,,,,,,,,,,,,,,,,,,,,,,,,,,,,,,,,,,,
Qatar,QAT,"Literacy rate, adult total (% of people ages 15 and above)",SE.ADT.LITR.ZS,,,,,,,,,,,,,,,,,,,,,,,,,,,75.6350402832031,,,,,,,,,,,83.2621612548828,,,,,,,86.7316131591797,,,90.0606231689453,91.0107574462891,91.1514205932617,91.7788467407227,91.3640823364258,90.1700592041016,90.6329879760742,91.3272171020508,,93.1453018188477,93.4639663696289,,,,
Romania,ROU,"Literacy rate, adult total (% of people ages 15 and above)",SE.ADT.LITR.ZS,,,,,,,,,,,,,,,,,,,,,,,,,,,,,,,,,96.7099761962891,,,,,,,,,,97.2975921630859,,,,,,,,,98.6042861938477,,,,,,,98.8444976806641,,,
Russian Federation,RUS,"Literacy rate, adult total (% of people ages 15 and above)",SE.ADT.LITR.ZS,,,,,,,,,,,,,,,,,,,,,,,,,,,,,,97.98605346679692,,,,,,,,,,,,,99.4409713745117,,,,,,,,99.6842727661133,,,,,,,,99.7300567626953,,,
Rwanda,RWA,"Literacy rate, adult total (% of people ages 15 and above)",SE.ADT.LITR.ZS,,,,,,,,,,,,,,,,,,,38.2434310913086,,,,,,,,,,,,,57.853488922119105,,,,,,,,,64.8886032104492,,,,,,,,,,65.85227203369139,,68.33103179931639,,70.8041305541992,,,,73.21559143066409,,,
South Asia,SAS,"Literacy rate, adult total (% of people ages 15 and above)",SE.ADT.LITR.ZS,,,,,,,,,,,,,,,,36.2477912902832,36.2608985900879,36.916099548339794,37.56235885620121,38.1898994445801,38.8067207336426,38.8039703369141,40.031791687011705,40.678230285644496,41.3239898681641,41.9712715148926,42.6149101257324,43.2618293762207,43.9989204406738,44.7494697570801,45.47370910644529,45.856441497802706,47.147708892822294,48.12348937988279,48.8950996398926,49.6832695007324,50.48078918457029,51.2822685241699,56.162181854248,56.916168212890604,57.6893501281738,58.1300392150879,59.2120780944824,60.101001739502,60.8724517822266,60.6429290771484,60.8131103515625,61.714481353759794,63.63835144042971,64.3376922607422,66.01901245117189,66.5131912231445,67.2677764892578,68.0131072998047,68.7347869873047,69.6573486328125,70.9991683959961,71.6951522827148,72.24388122558591,72.9514465332031,,
Saudi Arabia,SAU,"Literacy rate, adult total (% of people ages 15 and above)",SE.ADT.LITR.ZS,,,,,,,,,,,,,,,,,,,,,,,,,,,,,,,,,70.821647644043,,,,,,,,79.35093688964841,,,,82.8577423095703,,,,,,,,,94.4263381958008,,,,95.3286285400391,,,,
Sudan,SDN,"Literacy rate, adult total (% of people ages 15 and above)",SE.ADT.LITR.ZS,,,,,,,,,,,,,,,,,,,,,,,,,,,,,,,,,,,,,,,,,61.34587097167971,,,,,,,,53.51737976074221,,,,,,,,,,60.697181701660206,,,
Senegal,SEN,"Literacy rate, adult total (% of people ages 15 and above)",SE.ADT.LITR.ZS,,,,,,,,,,,,,,,,,,,,,,,,,,,,,26.868850708007802,,,,,,,,,,,,,,39.27524948120121,,,,41.891151428222706,,,48.036781311035206,,51.814548492431605,,43.53450012207029,,,,51.900421142578104,,,,
Singapore,SGP,"Literacy rate, adult total (% of people ages 15 and above)",SE.ADT.LITR.ZS,,,,,,,,,,,,,,,,,,,,,82.9060516357422,,,,,,,,,,89.0960006713867,,,,,,,,,,92.5494003295898,,,,,,,,,,95.85733032226558,96.18604278564449,96.3697891235352,96.5480194091797,96.7166900634766,96.8254928588867,97.049560546875,97.2022171020508,97.34485626220699,,,
Solomon Islands,SLB,"Literacy rate, adult total (% of people ages 15 and above)",SE.ADT.LITR.ZS,,,,,,,,,,,,,,,,,,,,,,,,,,,,,,,,,,,,,,,,76.5999984741211,,,,,,,,,,76.5999984741211,,,,,,,,,,,,
Sierra Leone,SLE,"Literacy rate, adult total (% of people ages 15 and above)",SE.ADT.LITR.ZS,,,,,,,,,,,,,,,,,,,,,,,,,,,,,,,,,,,,,,,,,,,,,34.826789855956996,,,,,,,,,32.4261703491211,,,,,43.206329345703104,,,
El Salvador,SLV,"Literacy rate, adult total (% of people ages 15 and above)",SE.ADT.LITR.ZS,,,,,,,,,,,,,,,,,,,,,,,,,,,,,,,,,74.1431579589844,,,,,,,,,,,,,,83.55946350097659,82.0286331176758,83.951301574707,84.10289001464841,84.4927215576172,85.4939880371094,,86.767578125,,87.9698486328125,88.1417694091797,88.4827117919922,89.0085983276367,,,
San Marino,SMR,"Literacy rate, adult total (% of people ages 15 and above)",SE.ADT.LITR.ZS,,,,,,,,,,,,,,,,,,,,,,,,,,,,,,,,,,,,,,,,,,,,,,,,,,,,,,,,,,,99.9164276123047,,,
Somalia,SOM,"Literacy rate, adult total (% of people ages 15 and above)",SE.ADT.LITR.ZS,,,,,,,,,,,,,5.404650211334231,,,,,,,,,,,,,,,,,,,,,,,,,,,,,,,,,,,,,,,,,,,,,,,,,
Serbia,SRB,"Literacy rate, adult total (% of people ages 15 and above)",SE.ADT.LITR.ZS,,,,,,,,,,,,,,,,,,,,,,,,,,,,,,,,,,,,,,,,,,,,96.3972396850586,,,,,,,,97.96240997314449,,,,,98.8415069580078,,,,,
Sub-Saharan Africa (excluding high income),SSA,"Literacy rate, adult total (% of people ages 15 and above)",SE.ADT.LITR.ZS,,,,,,,,,,,,,,,,,,,,,,,,,,48.961669921875,49.3190307617188,49.9715805053711,50.4742584228516,51.0901412963867,51.7682304382324,52.168399810790994,52.641429901123,53.2306709289551,53.978931427002,54.274440765380895,54.953521728515604,55.8161697387695,56.4633598327637,57.2822418212891,55.908809661865206,56.895450592040994,57.3941497802734,57.840030670165994,59.4400100708008,58.458469390869105,59.701000213623,57.2160491943359,57.304378509521506,58.1097602844238,58.668140411377,60.2439117431641,61.3761596679688,62.24433898925779,62.895591735839794,63.4928588867188,64.20291137695311,64.46804046630861,64.9910125732422,65.42196655273439,,
South Sudan,SSD,"Literacy rate, adult total (% of people ages 15 and above)",SE.ADT.LITR.ZS,,,,,,,,,,,,,,,,,,,,,,,,,,,,,,,,,,,,,,,,,,,,,,,,,26.8312797546387,,,,,,,,,,34.5227584838867,,,
Sub-Saharan Africa,SSF,"Literacy rate, adult total (% of people ages 15 and above)",SE.ADT.LITR.ZS,,,,,,,,,,,,,,,,,,,,,,,,,,49.0502510070801,49.407299041748,50.058380126953104,50.5599708557129,51.1743011474609,51.849788665771506,52.2502784729004,52.722339630127,53.3101997375488,54.056510925293,54.3514595031738,55.028781890869105,55.889129638671896,56.534950256347706,57.351879119873,55.9817581176758,56.9662017822266,57.4633903503418,57.9078483581543,59.5036697387695,58.5241889953613,59.7635688781738,57.28401184082029,57.373950958252,58.177150726318395,58.7337303161621,60.3055191040039,61.439048767089794,62.3036117553711,62.9540901184082,63.5493583679199,64.25765991210939,64.51748657226561,65.0389785766602,65.4686126708984,,
Small states,SST,"Literacy rate, adult total (% of people ages 15 and above)",SE.ADT.LITR.ZS,,,,,,,,,,,,,,,,,,,,,,,,,,,76.8710632324219,77.0975875854492,77.4060897827148,77.7118377685547,77.93048095703129,78.216926574707,78.5453796386719,78.96099853515629,79.1128234863281,79.4613571166992,79.9516830444336,80.401252746582,81.0454177856445,81.34552001953129,81.5844192504883,82.1394500732422,82.7854690551758,83.334846496582,83.6181564331055,84.1185531616211,83.8361511230469,83.2343215942383,84.1132431030273,83.6730499267578,83.9923629760742,84.53431701660159,84.7060317993164,85.0368194580078,85.3680419921875,86.40521240234379,86.3523712158203,86.51476287841801,86.6913223266602,86.9055023193359,,
Sao Tome and Principe,STP,"Literacy rate, adult total (% of people ages 15 and above)",SE.ADT.LITR.ZS,,,,,,,,,,,,,,,,,,,,,,57.3242607116699,,,,,,,,,,73.24241638183591,,,,,,,,,,84.90850830078129,,,,,,,69.5363922119141,,,,90.14309692382808,,,,,,92.81664276123051,,,
Suriname,SUR,"Literacy rate, adult total (% of people ages 15 and above)",SE.ADT.LITR.ZS,,,,,,,,,,,,,,,,,,,,,,,,,,,,,,,,,,,,,,,,,,,,,89.5980606079102,,,,94.62094116210942,,94.67575073242192,,92.86865997314449,,,,,,94.38327026367192,,,
Slovak Republic,SVK,"Literacy rate, adult total (% of people ages 15 and above)",SE.ADT.LITR.ZS,,,,,,,,,,,,,,,,,,,,,,,,,,,,,,,,,,,,,,,,,,,,,,,,,,,,,,,,,,,,,,
Slovenia,SVN,"Literacy rate, adult total (% of people ages 15 and above)",SE.ADT.LITR.ZS,,,,,,,,,,,,,,,,,,,,,,,,,,,,,,,,99.5245208740234,,,,,,,,,,,,,99.6999969482422,,,,,,,,,,99.6999969482422,,,,,,,
Sweden,SWE,"Literacy rate, adult total (% of people ages 15 and above)",SE.ADT.LITR.ZS,,,,,,,,,,,,,,,,,,,,,,,,,,,,,,,,,,,,,,,,,,,,,,,,,,,,,,,,,,,,,,
Eswatini,SWZ,"Literacy rate, adult total (% of people ages 15 and above)",SE.ADT.LITR.ZS,,,,,,,,,,,,,,,,,55.3250389099121,,,,,,,,,,67.2393798828125,,,,,,,,,,,,,,81.6606979370117,,,,,,,,,,83.0982894897461,,,,,,,,88.4193801879883,,,
Sint Maarten (Dutch part),SXM,"Literacy rate, adult total (% of people ages 15 and above)",SE.ADT.LITR.ZS,,,,,,,,,,,,,,,,,,,,,,,,,,,,,,,,,,,,,,,,,,,,,,,,,,,,,,,,,,,,,,
Seychelles,SYC,"Literacy rate, adult total (% of people ages 15 and above)",SE.ADT.LITR.ZS,,,,,,,,,,,,,,,,,,,,,,,,,,,,84.2292175292969,,,,,,,87.81114959716801,,,,,,,,91.83645629882808,,,,,,,,93.95423126220699,,,,,,,,95.86770629882808,,,
Syrian Arab Republic,SYR,"Literacy rate, adult total (% of people ages 15 and above)",SE.ADT.LITR.ZS,,,,,,,,,,,,,,,,,,,,,,55.6544990539551,,,,,,,,,,,,,,,,,,,,,82.8882522583008,,80.8445205688477,,,,,,,,,,,,,,,,,
Turks and Caicos Islands,TCA,"Literacy rate, adult total (% of people ages 15 and above)",SE.ADT.LITR.ZS,,,,,,,,,,,,,,,,,,,,,,,,,,,,,,,,,,,,,,,,,,,,,,,,,,,,,,,,,,,,,,
Chad,TCD,"Literacy rate, adult total (% of people ages 15 and above)",SE.ADT.LITR.ZS,,,,,,,,,,,,,,,,,,,,,,,,,,,,,,,,,,10.894650459289599,,,,,,,25.6542091369629,,,,28.3814296722412,,,,,,,,,,,26.002990722656303,22.3115501403809,,,,,
East Asia & Pacific (IDA & IBRD countries),TEA,"Literacy rate, adult total (% of people ages 15 and above)",SE.ADT.LITR.ZS,,,,,,,,,,,,,,,,,63.3360481262207,63.5120697021484,64.6517486572266,65.78302001953129,66.36386108398439,68.0757293701172,68.9472808837891,70.2723388671875,71.3360824584961,72.3534698486328,73.2565689086914,74.5150833129883,78.9325180053711,79.6408767700195,79.5218200683594,80.879997253418,81.4536209106445,81.9823226928711,82.5865783691406,83.1837387084961,83.7118377685547,89.4204635620117,89.7914199829102,90.1240768432617,90.43612670898442,90.89234161376949,91.2760696411133,91.6527481079102,91.9947509765625,92.3678207397461,92.79653930664058,93.8873977661133,94.1274185180664,94.4515609741211,94.5415725708008,94.3878173828125,94.61257934570308,94.7149429321289,95.13671112060551,95.3528671264648,95.48483276367192,95.67691040039058,95.8285980224609,95.9781036376953,,
Europe & Central Asia (IDA & IBRD countries),TEC,"Literacy rate, adult total (% of people ages 15 and above)",SE.ADT.LITR.ZS,,,,,,,,,,,,,,,,,,,,,,,,94.5932464599609,95.1882705688477,95.3648223876953,95.4102096557617,95.5293731689453,95.61264038085942,95.68762969970699,95.8666000366211,95.90319061279301,96.0141220092773,96.1240615844727,96.2331008911133,96.3443374633789,96.50650024414058,96.60855102539058,96.9009170532227,96.9610595703125,97.0662307739258,97.1375503540039,97.2159576416016,97.2803421020508,97.43356323242192,97.6178512573242,97.58544158935551,97.6692733764648,97.6783676147461,98.1577911376953,98.4280471801758,98.6479873657227,98.7637405395508,98.80722045898442,98.8376007080078,98.8642425537109,98.9690475463867,98.9483489990234,98.9805068969727,99.01315307617192,,
Togo,TGO,"Literacy rate, adult total (% of people ages 15 and above)",SE.ADT.LITR.ZS,,,,,,,,,,,,,,,,,,,,,,,,,,,,,,,,,,,,,,,,,53.1776008605957,,,,,,56.888370513915994,,,57.093379974365206,,60.409938812255895,,,,63.7456207275391,,,,,,
Thailand,THA,"Literacy rate, adult total (% of people ages 15 and above)",SE.ADT.LITR.ZS,,,,,,,,,,,,,,,,,,,,,87.9817581176758,,,,,,,,,,,,,,,,,,,,92.6465377807617,,,,,93.5064697265625,,,,,96.430908203125,,,93.7020721435547,,92.8683090209961,,,93.76776123046879,,,
Tajikistan,TJK,"Literacy rate, adult total (% of people ages 15 and above)",SE.ADT.LITR.ZS,,,,,,,,,,,,,,,,,,,,,,,,,,,,,,97.6940231323242,,,,,,,,,,,99.45068359375,,,,,,,,,,,,,,99.8000030517578,,,,,,,
Turkmenistan,TKM,"Literacy rate, adult total (% of people ages 15 and above)",SE.ADT.LITR.ZS,,,,,,,,,,,,,,,,,,,,,,,,,,,,,,,,,,,,98.7783203125,,,,,,,,,,,,,,,,,,,99.6999969482422,,,,,,,
Latin America & the Caribbean (IDA & IBRD countries),TLA,"Literacy rate, adult total (% of people ages 15 and above)",SE.ADT.LITR.ZS,,,,,,,,,,,,,,,78.0884323120117,78.0902862548828,78.43975830078129,78.84776306152341,79.286979675293,79.6842880249023,80.0560302734375,80.4416732788086,80.8178787231445,81.2190475463867,81.5968322753906,81.96221923828129,82.3221130371094,82.6096267700195,83.1091537475586,83.56105041503909,83.9123229980469,84.5015487670898,85.1487121582031,85.8096694946289,86.39830780029301,87.0262222290039,87.3694000244141,87.67156982421879,88.1713409423828,88.4810028076172,88.7361373901367,88.8376312255859,88.95333862304692,89.74697875976558,89.7291793823242,90.22467041015629,90.2404022216797,90.8343276977539,91.0823974609375,91.4784927368164,91.458251953125,92.0675735473633,92.2974395751953,92.3465728759766,92.80142211914058,92.9957962036133,93.4726409912109,93.5907821655273,93.7561264038086,94.19448852539058,,
Timor-Leste,TLS,"Literacy rate, adult total (% of people ages 15 and above)",SE.ADT.LITR.ZS,,,,,,,,,,,,,,,,,,,,,,,,,,,,,,,,,,,,,,,,,,37.5999984741211,,,,,,50.5999984741211,,,58.3089790344238,,,,,,,,68.06683349609379,,,
Middle East & North Africa (IDA & IBRD countries),TMN,"Literacy rate, adult total (% of people ages 15 and above)",SE.ADT.LITR.ZS,,,,,,,,,,,,38.7246208190918,39.209300994873,39.699348449706996,40.194549560546896,40.7299194335938,41.2562103271484,41.8640098571777,42.5685386657715,43.295658111572294,44.1085090637207,44.8950805664063,45.65869140625,46.439449310302706,47.4609909057617,48.532039642334006,49.713771820068395,50.5515213012695,51.6817512512207,52.74369812011721,55.392738342285206,56.7122802734375,57.788639068603494,58.7117385864258,59.729549407959006,61.358570098877,62.7690315246582,63.73197937011721,64.9118804931641,66.0141677856445,67.0573806762695,68.2152481079102,68.5126419067383,72.2011489868164,73.1086807250977,72.5073013305664,72.4950332641602,72.9098587036133,73.5113983154297,73.234977722168,74.06036376953129,74.29205322265629,77.3173522949219,76.9356689453125,78.603759765625,76.4035415649414,77.6045684814453,78.8319778442383,75.7225799560547,76.0999069213867,,
Tonga,TON,"Literacy rate, adult total (% of people ages 15 and above)",SE.ADT.LITR.ZS,,,,,,,,,,,,,,,,,99.5924606323242,,,,,,,,,,,,,,,,,,,,98.9053726196289,,,,,,,,,,99.01846313476558,,,,,99.38552856445308,,,,,,,99.41436767578129,,,
South Asia (IDA & IBRD),TSA,"Literacy rate, adult total (% of people ages 15 and above)",SE.ADT.LITR.ZS,,,,,,,,,,,,,,,,36.2477912902832,36.2608985900879,36.916099548339794,37.56235885620121,38.1898994445801,38.8067207336426,38.8039703369141,40.031791687011705,40.678230285644496,41.3239898681641,41.9712715148926,42.6149101257324,43.2618293762207,43.9989204406738,44.7494697570801,45.47370910644529,45.856441497802706,47.147708892822294,48.12348937988279,48.8950996398926,49.6832695007324,50.48078918457029,51.2822685241699,56.162181854248,56.916168212890604,57.6893501281738,58.1300392150879,59.2120780944824,60.101001739502,60.8724517822266,60.6429290771484,60.8131103515625,61.714481353759794,63.63835144042971,64.3376922607422,66.01901245117189,66.5131912231445,67.2677764892578,68.0131072998047,68.7347869873047,69.6573486328125,70.9991683959961,71.6951522827148,72.24388122558591,72.9514465332031,,
Sub-Saharan Africa (IDA & IBRD countries),TSS,"Literacy rate, adult total (% of people ages 15 and above)",SE.ADT.LITR.ZS,,,,,,,,,,,,,,,,,,,,,,,,,,49.0502510070801,49.407299041748,50.058380126953104,50.5599708557129,51.1743011474609,51.849788665771506,52.2502784729004,52.722339630127,53.3101997375488,54.056510925293,54.3514595031738,55.028781890869105,55.889129638671896,56.534950256347706,57.351879119873,55.9817581176758,56.9662017822266,57.4633903503418,57.9078483581543,59.5036697387695,58.5241889953613,59.7635688781738,57.28401184082029,57.373950958252,58.177150726318395,58.7337303161621,60.3055191040039,61.439048767089794,62.3036117553711,62.9540901184082,63.5493583679199,64.25765991210939,64.51748657226561,65.0389785766602,65.4686126708984,,
Trinidad and Tobago,TTO,"Literacy rate, adult total (% of people ages 15 and above)",SE.ADT.LITR.ZS,,,,,,,,,,,,,,,,,,,,,94.9703216552734,,,,,,,,,,96.9385528564453,,,,,,,,,,97.9000015258789,,,,,,,,,,98.6999969482422,,,,,,,,,,,
Tunisia,TUN,"Literacy rate, adult total (% of people ages 15 and above)",SE.ADT.LITR.ZS,,,,,,,,,,,,,,,,,,,,,,,,,48.190700531005895,,,,,,,,,,,,,,,,,,,,74.2969970703125,,,77.1903991699219,77.7146224975586,,79.1305770874023,79.6539077758789,80.21875,,79.0364303588867,,,,,,,
Turkey,TUR,"Literacy rate, adult total (% of people ages 15 and above)",SE.ADT.LITR.ZS,,,,,,,,,,,,,,,,61.627681732177706,,,,,65.6943435668945,,,,,75.9682388305664,,,,,79.2324523925781,,,,,,,,,,,,,,87.3654937744141,88.2290573120117,88.11939239501949,88.6558990478516,,90.8167190551758,92.6605987548828,94.10608673095699,94.9197463989258,95.2566604614258,95.4396286010742,95.6014175415039,96.16732788085942,96.1505279541016,,,,
Tuvalu,TUV,"Literacy rate, adult total (% of people ages 15 and above)",SE.ADT.LITR.ZS,,,,,,,,,,,,,,,,,,,,,,,,,,,,,,,,,,,,,,,,,,,,,,,,,,,,,,,,,,,,,,
Tanzania,TZA,"Literacy rate, adult total (% of people ages 15 and above)",SE.ADT.LITR.ZS,,,,,,,,,,,,,,,,,,,,,,,,,,,,,59.113800048828104,,,,,,,,,,,,,,69.4309005737305,,,,,,,,67.8006973266602,,78.1005935668945,,,77.8872299194336,,,,,,
Uganda,UGA,"Literacy rate, adult total (% of people ages 15 and above)",SE.ADT.LITR.ZS,,,,,,,,,,,,,,,,,,,,,,,,,,,,,,,,56.1073799133301,,,,,,,,,,,68.1425094604492,,,,71.3731384277344,,,,73.2118835449219,,70.19821929931639,,,,,,76.5274963378906,,,
Ukraine,UKR,"Literacy rate, adult total (% of people ages 15 and above)",SE.ADT.LITR.ZS,,,,,,,,,,,,,,,,,,,,,,,,,,,,,,,,,,,,,,,,,,99.43041229248051,,,,,,,,,,,99.9743499755859,,,,,,,,,
Upper middle income,UMC,"Literacy rate, adult total (% of people ages 15 and above)",SE.ADT.LITR.ZS,,,,,,,,,,,,,,,,,69.2148818969727,69.3835296630859,70.2280197143555,71.0425033569336,71.47511291503909,72.6836013793945,73.3193435668945,74.3152694702148,75.2219772338867,76.0066680908203,76.7444229125977,77.5530776977539,80.8702926635742,81.4432678222656,81.5737533569336,82.635856628418,83.1801528930664,83.7135696411133,84.2217025756836,84.7751998901367,85.2413330078125,89.5246963500977,89.9211578369141,90.2680435180664,90.5865325927734,90.9703521728516,91.1995391845703,91.7346572875977,92.01931762695308,92.38861083984379,92.65444946289058,93.5033721923828,93.7373733520508,94.0057601928711,94.14791870117192,94.3733291625977,94.7850112915039,94.8418197631836,95.2586135864258,95.09961700439449,95.6237564086914,95.6708526611328,95.45144653320308,95.6483383178711,,
Uruguay,URY,"Literacy rate, adult total (% of people ages 15 and above)",SE.ADT.LITR.ZS,,,,,,,,,,,,,,,,93.8610687255859,,,,,,,,,,95.3799819946289,,,,,,,,,,,96.7818069458008,,,,,,,,,,97.7896270751953,97.8638916015625,98.1635589599609,98.2672271728516,98.0727081298828,98.3358993530273,98.3959426879883,98.3638687133789,98.4359283447266,98.5238723754883,98.5614700317383,98.61572265625,98.703857421875,,,
United States,USA,"Literacy rate, adult total (% of people ages 15 and above)",SE.ADT.LITR.ZS,,,,,,,,,,,,,,,,,,,,,,,,,,,,,,,,,,,,,,,,,,,,,,,,,,,,,,,,,,,,,,
Uzbekistan,UZB,"Literacy rate, adult total (% of people ages 15 and above)",SE.ADT.LITR.ZS,,,,,,,,,,,,,,,,,,,,,,,,,,,,,,,,,,,,,,,,,98.642578125,,,,,,,,,,,,,99.9948577880859,99.9805526733398,99.9838333129883,99.986572265625,,99.99288940429692,,,
St. Vincent and the Grenadines,VCT,"Literacy rate, adult total (% of people ages 15 and above)",SE.ADT.LITR.ZS,,,,,,,,,,,95.6321563720703,,,,,,,,,,,,,,,,,,,,,,,,,,,,,,,,,,,,,,,,,,,,,,,,,,,
"Venezuela, RB",VEN,"Literacy rate, adult total (% of people ages 15 and above)",SE.ADT.LITR.ZS,,,,,,,,,,,,,,,,,,,,,,84.7322006225586,,,,,,,,,89.8252487182617,,,,,,,,,,,92.97982788085942,,,,,,95.1546401977539,,95.51199340820308,,94.7702178955078,,,,96.60521697998051,97.1270904541016,,,,,
British Virgin Islands,VGB,"Literacy rate, adult total (% of people ages 15 and above)",SE.ADT.LITR.ZS,,,,,,,,,,,,,,,,,,,,,,,,,,,,,,,,,,,,,,,,,,,,,,,,,,,,,,,,,,,,,,
Virgin Islands (U.S.),VIR,"Literacy rate, adult total (% of people ages 15 and above)",SE.ADT.LITR.ZS,,,,,,,,,,,,,,,,,,,,,,,,,,,,,,,,,,,,,,,,,,,,,,,,,,,,,,,,,,,,,,
Vietnam,VNM,"Literacy rate, adult total (% of people ages 15 and above)",SE.ADT.LITR.ZS,,,,,,,,,,,,,,,,,,,,83.82594299316409,,,,,,,,,,87.5964508056641,,,,,,,,,,90.2782974243164,90.1561279296875,,,,,,,,,93.52044677734379,,,,,,,,,95.0003814697266,,,
Vanuatu,VUT,"Literacy rate, adult total (% of people ages 15 and above)",SE.ADT.LITR.ZS,,,,,,,,,,,,,,,,,,,,52.8739204406738,,,,,58.2000007629395,,,,,,,,,,68.6999969482422,,,,,74.0,,,,,78.4000015258789,,,,,,,,,,84.6999969482422,,,,87.5063095092773,,,
World,WLD,"Literacy rate, adult total (% of people ages 15 and above)",SE.ADT.LITR.ZS,,,,,,,,,,,,,,,,,66.9151229858398,67.10687255859379,67.58017730712889,68.03115844726561,68.3170700073242,68.8756866455078,69.3810501098633,69.92421722412111,70.4552917480469,70.934196472168,71.3755569458008,71.9619827270508,73.6612319946289,74.0958633422852,74.31614685058591,74.8767166137695,75.3228225708008,75.75018310546879,76.1723709106445,76.58119201660159,76.9956893920898,79.0283508300781,80.20594787597659,80.5492630004883,80.67543029785159,80.9933700561523,81.3953094482422,81.92431640625,82.3443298339844,82.2602996826172,82.525993347168,82.81675720214841,83.33973693847659,83.6233291625977,84.0216293334961,84.2837677001953,84.7296829223633,84.9317169189453,85.3606033325195,85.5423202514648,85.9855117797852,86.2201614379883,86.24694061279301,86.47830200195308,,
Samoa,WSM,"Literacy rate, adult total (% of people ages 15 and above)",SE.ADT.LITR.ZS,,,,,,,,,,,,,,,,,,,,,,,,,,,,,,,,97.94432830810551,,,,,,,,,,,,,,,,,,,,98.97325897216801,,,,,,,99.0957717895508,,,
Kosovo,XKX,"Literacy rate, adult total (% of people ages 15 and above)",SE.ADT.LITR.ZS,,,,,,,,,,,,,,,,,,,,,,,,,,,,,,,,,,,,,,,,,,,,,,,,,,,,,,,,,,,,,,
"Yemen, Rep.",YEM,"Literacy rate, adult total (% of people ages 15 and above)",SE.ADT.LITR.ZS,,,,,,,,,,,,,,,,,,,,,,,,,,,,,,,,,,,37.0900001525879,,,,,,,,,,54.0999984741211,,,,,,,,,,,,,,,,,
South Africa,ZAF,"Literacy rate, adult total (% of people ages 15 and above)",SE.ADT.LITR.ZS,,,,,,,,,,,,,,,,,,,,,76.2004928588867,,,,,,,,,,,,,,,,82.402099609375,,,,,,,,,,,88.7172470092773,,92.8948593139648,92.8773193359375,93.10214233398442,93.7294692993164,,94.13990020751949,94.367919921875,,87.0466690063477,,,,
Zambia,ZMB,"Literacy rate, adult total (% of people ages 15 and above)",SE.ADT.LITR.ZS,,,,,,,,,,,,,,,,,,,,,,,,,,,,,,,64.9982833862305,,,,,,,,,68.0017929077148,,,69.1492233276367,,,,,61.1270904541016,,,83.0076675415039,,,,,,,,86.7479629516602,,,
Zimbabwe,ZWE,"Literacy rate, adult total (% of people ages 15 and above)",SE.ADT.LITR.ZS,,,,,,,,,,,,,,,,,,,,,,,77.7941665649414,,,,,,,,,,83.512580871582,,,,,,,,,,,,,,,,,,,83.5827102661133,,,88.69342041015629,,,,,,,
